Country ISO-3 Code,Year period,Median year,Region,Other group/Zone,Age,Sex,Urban/Rural,Sample size,Severe wasting,Wasting,Overweight,Stunting,Underweight,Notes
AGO,2015-2016,2016,,,0.  - 4.99,Both sexes,Both,7467.9482,1.09352,4.92099,3.37364,37.57297,19.0377,
AGO,2015-2016,2016,,,0.  - 0.49,Both sexes,Both,867.78229,1.30539,4.69209,10.50676,19.05109,12.40325,
AGO,2015-2016,2016,,,0.50 - 0.99,Both sexes,Both,782.11072,2.72632,9.24702,3.36397,23.69931,21.58706,
AGO,2015-2016,2016,,,1.  - 1.99,Both sexes,Both,1523.4861,1.28788,6.46673,2.25787,45.06543,21.04149,
AGO,2015-2016,2016,,,2.  - 2.99,Both sexes,Both,1440.7986,0.79916,5.10434,3.30807,48.57555,20.67523,
AGO,2015-2016,2016,,,3.  - 3.99,Both sexes,Both,1500.2695,0.35505,2.19365,2.67776,41.99266,19.67826,
AGO,2015-2016,2016,,,4.  - 4.99,Both sexes,Both,1353.5011,0.72523,3.69897,1.04818,32.31021,17.1096,
AGO,2015-2016,2016,,,0.  - 4.99,Male,Both,3731.2556,1.31957,5.56931,3.14795,41.01009,21.01039,
AGO,2015-2016,2016,,,0.  - 0.49,Male,Both,403.04279,1.92835,4.6013,11.86563,20.47171,12.38633,
AGO,2015-2016,2016,,,0.50 - 0.99,Male,Both,404.5842,3.33989,9.63808,3.43323,26.69041,22.8119,
AGO,2015-2016,2016,,,1.  - 1.99,Male,Both,753.8634,1.13337,8.46161,1.53567,51.82995,25.72711,
AGO,2015-2016,2016,,,2.  - 2.99,Male,Both,734.42065,1.13468,5.71373,1.62918,50.87614,20.79972,
AGO,2015-2016,2016,,,3.  - 3.99,Male,Both,740.74805,0.0395,2.23198,2.95604,46.78306,23.11878,
AGO,2015-2016,2016,,,4.  - 4.99,Male,Both,694.5965,1.07209,3.83382,1.4291,32.80214,17.82032,
AGO,2015-2016,2016,,,0.  - 4.99,Female,Both,3736.6926,0.86878,4.27647,3.59802,34.14373,17.06789,
AGO,2015-2016,2016,,,0.  - 0.49,Female,Both,464.7395,0.76409,4.77098,9.326,17.80135,12.41791,
AGO,2015-2016,2016,,,0.50 - 0.99,Female,Both,377.52655,2.07819,8.83393,3.29081,20.53215,20.27443,
AGO,2015-2016,2016,,,1.  - 1.99,Female,Both,769.62268,1.43847,4.52254,2.96173,38.4227,16.4518,
AGO,2015-2016,2016,,,2.  - 2.99,Female,Both,706.37793,0.44767,4.46592,5.0669,46.1526,20.5458,
AGO,2015-2016,2016,,,3.  - 3.99,Female,Both,759.52142,0.66074,2.15651,2.40818,37.37964,16.32278,
AGO,2015-2016,2016,,,4.  - 4.99,Female,Both,658.9046,0.36207,3.55779,0.64934,31.79653,16.36039,
AGO,2015-2016,2016,,,0.  - 4.99,Both sexes,Urban,4372.3301,0.75175,4.58407,3.9634,31.80864,14.99831,
AGO,2015-2016,2016,,,0.  - 4.99,Both sexes,Rural,3095.6182,1.57031,5.39103,2.55089,45.72529,24.74304,
AGO,2015-2016,2016,Namibe,,0.  - 4.99,Both sexes,Both,107.17532,0.61494,4.46028,6.16517,33.81164,15.81995,
AGO,2015-2016,2016,Benguela,,0.  - 4.99,Both sexes,Both,651.71722,0.52624,4.57313,3.43095,33.11138,15.70442,
AGO,2015-2016,2016,Cabinda,,0.  - 4.99,Both sexes,Both,155.63651,1.18931,5.27505,1.53078,21.55075,10.40357,
AGO,2015-2016,2016,Cuanza Sul,,0.  - 4.99,Both sexes,Both,577.82336,0.46633,3.33279,2.42638,48.80284,23.14786,
AGO,2015-2016,2016,Huila,,0.  - 4.99,Both sexes,Both,730.70471,0.45133,4.61557,2.30199,43.55844,27.8214,
AGO,2015-2016,2016,Cuando Cubango,,0.  - 4.99,Both sexes,Both,143.05495,0.22682,5.33798,4.02683,42.93191,23.91576,
AGO,2015-2016,2016,Cuanza Norte,,0.  - 4.99,Both sexes,Both,114.35246,1.18119,3.63974,8.23358,44.59709,21.56148,
AGO,2015-2016,2016,Cunene,,0.  - 4.99,Both sexes,Both,302.3107,3.63034,10.52509,0.99822,39.72103,30.79909,
AGO,2015-2016,2016,Huambo,,0.  - 4.99,Both sexes,Both,640.54352,1.96722,6.03922,4.26843,43.5977,21.19792,
AGO,2015-2016,2016,Uige,,0.  - 4.99,Both sexes,Both,452.78604,1.02866,4.94419,2.09049,41.53431,21.49231,
AGO,2015-2016,2016,Lunda Sul,,0.  - 4.99,Both sexes,Both,145.74547,1.85525,4.53009,2.50391,42.08691,17.08714,
AGO,2015-2016,2016,Malanje,,0.  - 4.99,Both sexes,Both,364.83374,3.01161,8.07588,3.13264,31.92546,18.86875,
AGO,2015-2016,2016,Moxico,,0.  - 4.99,Both sexes,Both,197.38188,1.58506,4.27511,4.35416,38.50351,21.79515,
AGO,2015-2016,2016,Zaire,,0.  - 4.99,Both sexes,Both,140.73851,0.75281,3.14996,1.49371,24.85891,12.20562,
AGO,2015-2016,2016,Luanda,,0.  - 4.99,Both sexes,Both,1987.6555,0.35867,3.93013,4.22471,29.65671,12.91904,
AGO,2015-2016,2016,Lunda Norte,,0.  - 4.99,Both sexes,Both,238.35901,2.24326,5.78152,5.36313,38.66337,19.39468,
AGO,2015-2016,2016,Bengo,,0.  - 4.99,Both sexes,Both,111.19762,1.96249,5.28571,3.36107,39.70021,17.16905,
AGO,2015-2016,2016,Bié,,0.  - 4.99,Both sexes,Both,405.9317,1.78197,4.8699,2.21659,50.69909,21.69411,
ARM,2015-2016,2016,,,0.  - 4.99,Both sexes,Both,1608.774,1.74535,4.45279,13.68482,9.39895,2.6428,
ARM,2015-2016,2016,,,0.  - 0.49,Both sexes,Both,162.68079,1.70001,6.30064,11.16661,15.39299,7.49549,
ARM,2015-2016,2016,,,0.50 - 0.99,Both sexes,Both,165.25436,1.41356,3.58351,12.37864,14.18708,4.13932,
ARM,2015-2016,2016,,,1.  - 1.99,Both sexes,Both,332.74738,0.55085,1.60462,17.88291,11.12516,0.22352,
ARM,2015-2016,2016,,,2.  - 2.99,Both sexes,Both,329.55032,2.17082,5.06796,11.86294,5.44137,1.01609,
ARM,2015-2016,2016,,,3.  - 3.99,Both sexes,Both,304.74039,2.41424,6.26928,14.71831,9.66327,4.01463,
ARM,2015-2016,2016,,,4.  - 4.99,Both sexes,Both,313.80081,2.08445,4.52382,12.1532,6.21564,2.28046,
ARM,2015-2016,2016,,,0.  - 4.99,Male,Both,853.89142,1.63406,3.95231,14.56456,10.85584,3.24919,
ARM,2015-2016,2016,,,0.  - 0.49,Male,Both,93.12733,2.95351,8.20902,13.9551,19.66734,12.05968,
ARM,2015-2016,2016,,,0.50 - 0.99,Male,Both,73.70572,0.0,2.01329,13.91562,20.30963,4.42098,
ARM,2015-2016,2016,,,1.  - 1.99,Male,Both,173.74832,1.05934,2.88155,17.99533,14.71208,0.42807,
ARM,2015-2016,2016,,,2.  - 2.99,Male,Both,168.91991,1.57929,2.81741,10.56316,5.09929,0.54767,
ARM,2015-2016,2016,,,3.  - 3.99,Male,Both,163.46912,3.01614,6.63032,14.57554,7.80765,4.19197,
ARM,2015-2016,2016,,,4.  - 4.99,Male,Both,180.92102,0.94856,2.20072,15.66669,7.54075,2.61645,
ARM,2015-2016,2016,,,0.  - 4.99,Female,Both,754.88269,1.87102,5.01792,12.69147,7.75996,1.95689,
ARM,2015-2016,2016,,,0.  - 0.49,Female,Both,69.55347,0.0,3.71249,7.38484,9.77333,1.38436,
ARM,2015-2016,2016,,,0.50 - 0.99,Female,Both,91.54864,2.55076,4.84673,11.14215,9.19843,3.91256,
ARM,2015-2016,2016,,,1.  - 1.99,Female,Both,158.99907,0.0,0.22132,17.76113,7.29222,0.0,
ARM,2015-2016,2016,,,2.  - 2.99,Female,Both,160.63042,2.78162,7.39182,13.20504,5.8011,1.50868,
ARM,2015-2016,2016,,,3.  - 3.99,Female,Both,141.27127,1.70368,5.84305,14.88686,11.84004,3.80943,
ARM,2015-2016,2016,,,4.  - 4.99,Female,Both,132.87979,3.62928,7.6833,7.37476,4.43873,1.823,
ARM,2015-2016,2016,,,0.  - 4.99,Both sexes,Urban,906.9342,1.5647,3.29679,11.48865,6.21063,2.29766,
ARM,2015-2016,2016,,,0.  - 4.99,Both sexes,Rural,701.83984,1.97728,5.93691,16.50437,13.40815,3.08881,
ARM,2015-2016,2016,Syunik,,0.  - 4.99,Both sexes,Both,62.99609,1.06454,2.62602,12.19517,12.27614,4.35245,
ARM,2015-2016,2016,Vayots Dzor,,0.  - 4.99,Both sexes,Both,36.99751,0.0,2.21139,18.88174,11.52915,1.49414,
ARM,2015-2016,2016,Gegharkunik,,0.  - 4.99,Both sexes,Both,74.23092,3.54476,10.62589,12.33443,9.88913,0.0,
ARM,2015-2016,2016,Kotayk,,0.  - 4.99,Both sexes,Both,245.61842,0.0,1.10828,5.45604,7.68625,1.15596,
ARM,2015-2016,2016,Yerevan,,0.  - 4.99,Both sexes,Both,441.43948,1.38447,1.38447,11.38243,3.54149,1.89394,
ARM,2015-2016,2016,Aragatsotn,,0.  - 4.99,Both sexes,Both,64.98356,12.99902,25.42276,9.98042,18.0997,14.3184,
ARM,2015-2016,2016,Shirak,,0.  - 4.99,Both sexes,Both,172.04781,1.71841,5.05891,18.40082,19.4551,2.37138,
ARM,2015-2016,2016,Armavir,,0.  - 4.99,Both sexes,Both,190.66379,0.72596,2.20319,13.06513,9.70391,4.8299,
ARM,2015-2016,2016,Ararat,,0.  - 4.99,Both sexes,Both,164.37079,3.52969,13.98413,35.60336,13.67579,2.78716,
ARM,2015-2016,2016,Lori,,0.  - 4.99,Both sexes,Both,68.65656,0.0,1.15478,10.75789,5.5912,0.0,
ARM,2015-2016,2016,Tavoush,,0.  - 4.99,Both sexes,Both,86.76914,0.50489,0.50489,7.77163,7.43796,0.97678,
BDI,2016-2017,2016,,,0.  - 4.99,Both sexes,Both,6463.6895,0.91392,5.09383,1.36364,55.94716,29.32937,
BDI,2016-2017,2016,,,0.  - 0.49,Both sexes,Both,634.99634,0.90085,4.20166,3.05248,25.13137,13.6049,
BDI,2016-2017,2016,,,0.50 - 0.99,Both sexes,Both,683.93335,2.02683,10.02957,1.71122,40.58796,26.88169,
BDI,2016-2017,2016,,,1.  - 1.99,Both sexes,Both,1318.7333,0.8505,8.02589,1.04248,59.04426,31.05921,
BDI,2016-2017,2016,,,2.  - 2.99,Both sexes,Both,1217.3717,0.90659,3.91881,1.43522,63.58542,29.8202,
BDI,2016-2017,2016,,,3.  - 3.99,Both sexes,Both,1239.2286,0.49268,2.5197,1.49781,66.37043,30.59674,
BDI,2016-2017,2016,,,4.  - 4.99,Both sexes,Both,1369.426,0.81292,3.59858,0.53904,58.77967,34.59417,
BDI,2016-2017,2016,,,0.  - 4.99,Male,Both,3253.6597,1.23321,5.57234,1.52084,59.44709,30.41227,
BDI,2016-2017,2016,,,0.  - 0.49,Male,Both,312.60913,1.00437,3.87567,3.31652,25.13003,14.02152,
BDI,2016-2017,2016,,,0.50 - 0.99,Male,Both,360.06122,2.90706,13.04162,2.14812,46.94008,32.08911,
BDI,2016-2017,2016,,,1.  - 1.99,Male,Both,647.90503,0.98693,8.31425,1.40498,63.96643,32.99298,
BDI,2016-2017,2016,,,2.  - 2.99,Male,Both,606.23236,1.42908,4.37965,1.48054,68.08294,32.29394,
BDI,2016-2017,2016,,,3.  - 3.99,Male,Both,646.65173,0.85778,2.92157,1.42006,68.77645,30.84792,
BDI,2016-2017,2016,,,4.  - 4.99,Male,Both,680.20032,0.86889,3.37006,0.61635,61.08854,32.50818,
BDI,2016-2017,2016,,,0.  - 4.99,Female,Both,3210.0295,0.59008,4.60852,1.20419,52.40018,28.23175,
BDI,2016-2017,2016,,,0.  - 0.49,Female,Both,322.38718,0.80082,4.51667,2.79734,25.13267,13.20091,
BDI,2016-2017,2016,,,0.50 - 0.99,Female,Both,323.87213,1.0485,6.68183,1.22562,33.45717,21.0924,
BDI,2016-2017,2016,,,1.  - 1.99,Female,Both,670.82825,0.71839,7.74666,0.69146,54.26549,29.19152,
BDI,2016-2017,2016,,,2.  - 2.99,Female,Both,611.13934,0.38855,3.46188,1.39028,59.14906,27.36632,
BDI,2016-2017,2016,,,3.  - 3.99,Female,Both,592.5769,0.09335,2.08016,1.58284,63.75716,30.32264,
BDI,2016-2017,2016,,,4.  - 4.99,Female,Both,689.22565,0.75768,3.82411,0.46275,56.50104,36.65286,
BDI,2016-2017,2016,,,0.  - 4.99,Both sexes,Urban,585.65021,0.20301,3.0983,2.28266,27.82767,12.03875,
BDI,2016-2017,2016,,,0.  - 4.99,Both sexes,Rural,5878.0391,0.98486,5.29298,1.27192,58.75813,31.0521,
BDI,2016-2017,2016,Cankuzo,,0.  - 4.99,Both sexes,Both,211.73018,1.36131,6.32494,1.6593,59.44673,36.34927,
BDI,2016-2017,2016,Muramvya,,0.  - 4.99,Both sexes,Both,221.54359,1.2621,5.3662,1.08629,64.10582,33.96163,
BDI,2016-2017,2016,Ruyigi,,0.  - 4.99,Both sexes,Both,356.9437,0.58249,6.19247,0.79308,52.17797,28.75048,
BDI,2016-2017,2016,Ngozi,,0.  - 4.99,Both sexes,Both,538.57355,1.30783,4.82472,1.26955,61.3336,34.67213,
BDI,2016-2017,2016,Bujumbura Rural,,0.  - 4.99,Both sexes,Both,363.00073,1.24505,5.9777,1.8234,51.54277,28.26138,
BDI,2016-2017,2016,Bururi,,0.  - 4.99,Both sexes,Both,181.13025,0.0,1.45956,0.84114,49.01873,21.04368,
BDI,2016-2017,2016,Cibitoke,,0.  - 4.99,Both sexes,Both,389.60919,0.0,1.12562,2.80717,56.71507,22.05067,
BDI,2016-2017,2016,Kayanza,,0.  - 4.99,Both sexes,Both,403.36697,1.72087,7.41876,0.29636,57.9693,34.15754,
BDI,2016-2017,2016,Makamba,,0.  - 4.99,Both sexes,Both,387.62494,0.99585,4.00755,2.79023,52.08293,23.96297,
BDI,2016-2017,2016,Bubanza,,0.  - 4.99,Both sexes,Both,344.57788,0.55236,5.50378,0.07418,55.75446,28.38265,
BDI,2016-2017,2016,Bujumbura Mairie,,0.  - 4.99,Both sexes,Both,311.85089,0.08962,3.3985,2.2614,23.66239,10.40278,
BDI,2016-2017,2016,Mwaro,,0.  - 4.99,Both sexes,Both,197.23755,1.0169,5.81952,1.41728,50.42058,30.46969,
BDI,2016-2017,2016,Rumonge,,0.  - 4.99,Both sexes,Both,380.06705,0.59418,4.85328,1.68714,53.38199,30.31394,
BDI,2016-2017,2016,Rutana,,0.  - 4.99,Both sexes,Both,273.63229,0.62069,4.8812,2.29827,49.62175,24.91496,
BDI,2016-2017,2016,Gitega,,0.  - 4.99,Both sexes,Both,480.33759,0.68611,3.35651,1.19808,59.61468,26.87479,
BDI,2016-2017,2016,Karusi,,0.  - 4.99,Both sexes,Both,380.81128,1.26459,8.08535,0.68148,62.76653,38.8577,
BDI,2016-2017,2016,Kirundo,,0.  - 4.99,Both sexes,Both,496.82846,2.20755,7.44925,0.87899,62.90361,31.70844,
BDI,2016-2017,2016,Muyinga,,0.  - 4.99,Both sexes,Both,544.82318,0.3142,4.55624,1.09125,65.61247,34.61435,
BFA,2016,2016,,,0.  - 4.99,Both sexes,Both,9683.6602,1.38746,7.52706,1.21402,26.75319,18.89007,
BFA,2016,2016,,,0.  - 0.49,Both sexes,Both,971.67999,1.19351,7.82081,5.40281,10.40363,10.16487,
BFA,2016,2016,,,0.50 - 0.99,Both sexes,Both,1032.97,2.15159,13.08585,1.35528,17.78511,20.96092,
BFA,2016,2016,,,1.  - 1.99,Both sexes,Both,2065.6199,2.65921,11.50437,0.34487,29.50371,24.77707,
BFA,2016,2016,,,2.  - 2.99,Both sexes,Both,2104.8501,1.2327,7.47489,0.45112,33.98148,22.24196,
BFA,2016,2016,,,3.  - 3.99,Both sexes,Both,1998.47,0.63992,3.43812,1.07388,30.42752,15.22515,
BFA,2016,2016,,,4.  - 4.99,Both sexes,Both,1510.0699,0.45428,3.58063,0.8642,24.73675,15.2132,
BFA,2016,2016,,,0.  - 4.99,Male,Both,4987.3301,1.66147,8.62872,1.16898,30.32495,21.33687,
BFA,2016,2016,,,0.  - 0.49,Male,Both,467.32001,1.73652,9.27645,5.92346,13.43833,12.12231,
BFA,2016,2016,,,0.50 - 0.99,Male,Both,501.35999,2.19403,14.44272,1.51987,23.12013,25.19946,
BFA,2016,2016,,,1.  - 1.99,Male,Both,1051.12,3.31708,14.98828,0.24666,35.4117,31.43314,
BFA,2016,2016,,,2.  - 2.99,Male,Both,1096.5699,1.63993,8.22345,0.24448,38.04266,24.38969,
BFA,2016,2016,,,3.  - 3.99,Male,Both,1066.86,0.75798,3.59172,0.93926,32.32285,15.64779,
BFA,2016,2016,,,4.  - 4.99,Male,Both,804.09998,0.34946,3.54309,0.95635,24.83687,14.47084,
BFA,2016,2016,,,0.  - 4.99,Female,Both,4696.3301,1.09659,6.35757,1.26183,22.96389,16.29166,
BFA,2016,2016,,,0.  - 0.49,Female,Both,504.35999,0.68908,6.46857,4.91914,7.5918,8.35118,
BFA,2016,2016,,,0.50 - 0.99,Female,Both,531.60999,2.11151,11.80448,1.19985,12.75758,16.96356,
BFA,2016,2016,,,1.  - 1.99,Female,Both,1014.5,1.97831,7.89847,0.44652,23.38886,17.88073,
BFA,2016,2016,,,2.  - 2.99,Female,Both,1008.28,0.79013,6.66136,0.67569,29.56863,19.90618,
BFA,2016,2016,,,3.  - 3.99,Female,Both,931.60999,0.50489,3.26243,1.22784,28.2597,14.74115,
BFA,2016,2016,,,4.  - 4.99,Female,Both,705.96997,0.57368,3.62338,0.75924,24.62286,16.05876,
BFA,2016,2016,Centre,,0.  - 4.99,Both sexes,Both,743.14001,1.76817,9.03733,1.76817,14.53831,14.14538,
BFA,2016,2016,Centre Nord,,0.  - 4.99,Both sexes,Both,834.90002,0.2642,6.34082,0.7926,25.32982,17.91831,
BFA,2016,2016,Hauts Bassins,,0.  - 4.99,Both sexes,Both,925.20001,0.78125,5.85938,2.34375,24.90272,15.4345,
BFA,2016,2016,Plateau Central,,0.  - 4.99,Both sexes,Both,486.39999,1.15132,6.41447,0.16447,28.45395,17.10526,
BFA,2016,2016,Centre Sud,,0.  - 4.99,Both sexes,Both,421.03,0.33841,4.56853,0.67682,19.96616,13.99663,
BFA,2016,2016,Est,,0.  - 4.99,Both sexes,Both,1041.98,2.44399,8.55397,1.62933,34.52502,25.43235,
BFA,2016,2016,Nord,,0.  - 4.99,Both sexes,Both,1088.1899,1.86916,7.78816,0.83074,29.38733,20.76843,
BFA,2016,2016,Sud Ouest,,0.  - 4.99,Both sexes,Both,291.10001,2.19512,10.2439,1.21951,29.02439,22.92683,
BFA,2016,2016,Cascades,,0.  - 4.99,Both sexes,Both,252.84,1.3289,6.31229,1.82724,31.06312,17.60797,
BFA,2016,2016,Sahel,,0.  - 4.99,Both sexes,Both,710.60004,1.39752,7.76398,0.62112,32.91925,21.98142,
BFA,2016,2016,Bmouhoun,,0.  - 4.99,Both sexes,Both,1228.2,1.87617,8.7242,1.21951,23.38028,17.0412,
BFA,2016,2016,Centre Est,,0.  - 4.99,Both sexes,Both,783.12,1.06383,5.85106,2.12766,30.45213,19.78752,
BFA,2016,2016,Centre Ouest,,0.  - 4.99,Both sexes,Both,876.96002,0.89514,8.69565,0.25575,24.68031,19.02938,
BLZ,2015-2016,2015,,,0.  - 4.99,Both sexes,Both,,0.5,1.8,7.3,15.0,4.6,(pending reanalysis)
BOL,2016,2016,,,0.  - 4.99,Both sexes,Both,5249.8555,0.89877,1.96783,10.14999,16.09104,3.42836,
BOL,2016,2016,,,0.  - 0.49,Both sexes,Both,442.36133,3.8781,5.98923,13.1837,14.92737,7.19123,
BOL,2016,2016,,,0.50 - 0.99,Both sexes,Both,511.73532,0.37378,0.95831,9.39617,11.13658,1.60448,
BOL,2016,2016,,,1.  - 1.99,Both sexes,Both,1074.682,0.73596,1.81992,9.46228,18.32903,3.71898,
BOL,2016,2016,,,2.  - 2.99,Both sexes,Both,1029.5958,1.11495,2.13621,8.11238,18.71239,4.19966,
BOL,2016,2016,,,3.  - 3.99,Both sexes,Both,1100.9811,0.17619,1.43059,9.47687,16.83015,2.71959,
BOL,2016,2016,,,4.  - 4.99,Both sexes,Both,1090.4999,0.63696,1.36151,12.57813,13.45875,2.45882,
BOL,2016,2016,,,0.  - 4.99,Male,Both,2629.8503,1.09323,2.48759,11.05162,16.11313,3.91289,
BOL,2016,2016,,,0.  - 0.49,Male,Both,219.57466,4.69557,7.13955,12.32591,16.17392,9.14491,
BOL,2016,2016,,,0.50 - 0.99,Male,Both,254.72427,0.59411,1.77462,10.4155,11.48182,2.74447,
BOL,2016,2016,,,1.  - 1.99,Male,Both,537.11176,0.60808,1.95981,10.59587,19.22284,3.98773,
BOL,2016,2016,,,2.  - 2.99,Male,Both,513.3877,1.35209,2.8616,8.27998,18.36469,5.00898,
BOL,2016,2016,,,3.  - 3.99,Male,Both,555.59985,0.20779,1.54967,11.03674,16.24128,2.44001,
BOL,2016,2016,,,4.  - 4.99,Male,Both,549.45215,1.01962,2.08816,13.91302,12.94583,2.75576,
BOL,2016,2016,,,0.  - 4.99,Female,Both,2620.0051,0.70356,1.44606,9.24487,16.06889,2.94202,
BOL,2016,2016,,,0.  - 0.49,Female,Both,222.78665,3.06481,4.8448,14.03711,13.70327,5.26572,
BOL,2016,2016,,,0.50 - 0.99,Female,Both,257.01105,0.15768,0.15768,8.39641,10.80044,0.47464,
BOL,2016,2016,,,1.  - 1.99,Female,Both,537.57025,0.86395,1.67991,8.32775,17.43013,3.45047,
BOL,2016,2016,,,2.  - 2.99,Female,Both,516.20813,0.87846,1.41278,7.94524,19.05828,3.39476,
BOL,2016,2016,,,3.  - 3.99,Female,Both,545.38123,0.14433,1.31055,7.90446,17.42851,3.0044,
BOL,2016,2016,,,4.  - 4.99,Female,Both,541.04773,0.24638,0.61984,11.21563,13.97964,2.15727,
BOL,2016,2016,,,0.  - 4.99,Both sexes,Urban,3519.2126,0.95455,2.1226,10.88335,12.1685,2.99248,
BOL,2016,2016,,,0.  - 4.99,Both sexes,Rural,1730.6428,0.78501,1.6522,8.65443,24.03481,4.31473,
BOL,2016,2016,Altiplano,,0.  - 4.99,Both sexes,Both,1779.6758,0.96059,2.13928,7.29857,22.28042,4.86561,
BOL,2016,2016,Llanos,,0.  - 4.99,Both sexes,Both,2033.5024,0.87212,1.84698,12.20775,9.76015,2.25096,
BOL,2016,2016,Valles,,0.  - 4.99,Both sexes,Both,1436.6771,0.8601,1.92684,10.76418,17.42295,3.31451,
CIV,2016,2016,,,0.  - 4.99,Both sexes,Both,8813.0,1.2,6.0,1.5,21.6,12.8,(pending reanalysis)
ETH,2016,2016,,,0.  - 4.99,Both sexes,Both,10552.006,3.01411,9.99173,2.91844,38.40364,23.57288,
ETH,2016,2016,,,0.  - 0.49,Both sexes,Both,1157.8488,5.82916,15.41535,9.568,16.17157,12.37372,
ETH,2016,2016,,,0.50 - 0.99,Both sexes,Both,1085.03,4.3647,13.37906,3.76642,17.18601,15.11905,
ETH,2016,2016,,,1.  - 1.99,Both sexes,Both,2054.1301,2.7759,12.82259,2.91907,40.34956,23.79977,
ETH,2016,2016,,,2.  - 2.99,Both sexes,Both,1966.9501,3.20932,9.03308,1.44713,47.98837,25.90387,
ETH,2016,2016,,,3.  - 3.99,Both sexes,Both,2040.0419,2.09444,7.04096,2.27004,46.49955,25.6099,
ETH,2016,2016,,,4.  - 4.99,Both sexes,Both,2248.0044,1.90919,6.56509,1.21672,42.23082,29.32597,
ETH,2016,2016,,,0.  - 4.99,Male,Both,5423.5967,3.01101,10.20394,3.07125,41.41919,25.16045,
ETH,2016,2016,,,0.  - 0.49,Male,Both,557.24194,5.97153,17.61895,11.61029,16.8412,10.5572,
ETH,2016,2016,,,0.50 - 0.99,Male,Both,523.12311,4.84171,11.67796,3.66469,21.15585,17.73107,
ETH,2016,2016,,,1.  - 1.99,Male,Both,971.62531,3.23454,15.42971,3.07736,41.11856,26.76947,
ETH,2016,2016,,,2.  - 2.99,Male,Both,1063.6891,2.83644,9.24819,1.56375,51.86974,27.8345,
ETH,2016,2016,,,3.  - 3.99,Male,Both,1116.7471,1.55539,7.04927,2.03258,50.86623,29.32208,
ETH,2016,2016,,,4.  - 4.99,Male,Both,1191.1699,2.24845,5.87333,1.41455,43.57936,27.6528,
ETH,2016,2016,,,0.  - 4.99,Female,Both,5128.4092,3.0174,9.76676,2.75644,35.24882,21.89392,
ETH,2016,2016,,,0.  - 0.49,Female,Both,600.60681,5.69526,13.34293,7.64728,15.55444,14.05909,
ETH,2016,2016,,,0.50 - 0.99,Female,Both,561.90686,3.92159,14.95931,3.86093,13.50307,12.68732,
ETH,2016,2016,,,1.  - 1.99,Female,Both,1082.5049,2.36667,10.49637,2.77782,39.67103,21.13426,
ETH,2016,2016,,,2.  - 2.99,Female,Both,903.26099,3.64939,8.77921,1.3095,43.43611,23.63033,
ETH,2016,2016,,,3.  - 3.99,Female,Both,923.29486,2.7399,7.031,2.55437,41.33916,21.11992,
ETH,2016,2016,,,4.  - 4.99,Female,Both,1056.8346,1.52536,7.34772,0.9929,40.72341,31.2118,
ETH,2016,2016,,,0.  - 4.99,Both sexes,Urban,1139.8011,2.06301,8.71511,3.07131,25.41696,13.43326,
ETH,2016,2016,,,0.  - 4.99,Both sexes,Rural,9412.2041,3.12954,10.14667,2.89989,39.99279,24.80077,
ETH,2016,2016,Addis Ababa,,0.  - 4.99,Both sexes,Both,218.26398,0.38302,3.47233,7.04985,14.59285,4.97522,
ETH,2016,2016,Affar,,0.  - 4.99,Both sexes,Both,99.8781,5.41261,17.97698,0.6065,41.08337,36.24774,
ETH,2016,2016,Amhara,,0.  - 4.99,Both sexes,Both,2106.5862,2.22771,9.80414,1.27674,46.32034,28.42335,
ETH,2016,2016,Harari,,0.  - 4.99,Both sexes,Both,20.40055,2.98945,10.65156,2.24593,31.71054,20.01829,
ETH,2016,2016,Tigray,,0.  - 4.99,Both sexes,Both,699.49689,3.38035,11.09446,1.27064,39.27101,23.0158,
ETH,2016,2016,Benishangul,,0.  - 4.99,Both sexes,Both,108.09358,3.12717,11.46307,1.5226,42.59963,34.28844,
ETH,2016,2016,Dire Dawa,,0.  - 4.99,Both sexes,Both,41.77748,4.36418,9.93543,1.52126,40.19738,26.18589,
ETH,2016,2016,Somali,,0.  - 4.99,Both sexes,Both,427.39578,6.26186,22.83599,1.52501,27.43531,28.90281,
ETH,2016,2016,Gambela,,0.  - 4.99,Both sexes,Both,23.03881,3.54206,14.28698,1.5625,23.52716,19.38497,
ETH,2016,2016,Oromiya,,0.  - 4.99,Both sexes,Both,4572.7886,3.67945,10.72648,4.04205,36.53912,22.54022,
ETH,2016,2016,SNNP,,0.  - 4.99,Both sexes,Both,2234.2856,1.74623,5.93508,2.764,38.7051,21.0265,
GIN,2016,2016,,,0.  - 4.99,Both sexes,Both,7141.0,2.9,8.1,4.0,32.4,18.3,(pending reanalysis)
IND,2015-2016,2015,,,0.  - 4.99,Both sexes,Both,230448.03,7.67632,20.78826,2.40632,37.89194,36.26491,
IND,2015-2016,2015,,,0.  - 0.49,Both sexes,Both,22204.305,14.13568,30.83068,5.72739,20.579,28.88057,
IND,2015-2016,2015,,,0.50 - 0.99,Both sexes,Both,23508.146,10.82296,26.9848,3.4401,23.46529,30.01776,
IND,2015-2016,2015,,,1.  - 1.99,Both sexes,Both,46311.508,7.80178,21.67353,2.37181,42.69633,35.77764,
IND,2015-2016,2015,,,2.  - 2.99,Both sexes,Both,45973.922,7.29112,19.03241,1.63467,41.80026,38.17152,
IND,2015-2016,2015,,,3.  - 3.99,Both sexes,Both,48192.09,5.898,17.7168,1.77688,42.60574,38.77629,
IND,2015-2016,2015,,,4.  - 4.99,Both sexes,Both,44258.059,5.23766,17.10549,1.8386,39.56153,39.08262,
IND,2015-2016,2015,,,0.  - 4.99,Male,Both,119916.63,8.20618,21.72664,2.43647,38.30746,36.8588,
IND,2015-2016,2015,,,0.  - 0.49,Male,Both,11555.529,14.51965,31.10637,5.992,21.902,31.00609,
IND,2015-2016,2015,,,0.50 - 0.99,Male,Both,12382.65,11.55451,28.09573,3.77457,25.76034,32.04526,
IND,2015-2016,2015,,,1.  - 1.99,Male,Both,24021.721,8.50851,22.82442,2.47083,44.84209,38.24921,
IND,2015-2016,2015,,,2.  - 2.99,Male,Both,23782.623,7.78127,20.50012,1.72005,42.20283,38.68449,
IND,2015-2016,2015,,,3.  - 3.99,Male,Both,24699.021,6.23713,18.68794,1.62255,41.86377,38.18942,
IND,2015-2016,2015,,,4.  - 4.99,Male,Both,23475.082,5.75461,17.3799,1.67246,38.20776,37.60644,
IND,2015-2016,2015,,,0.  - 4.99,Female,Both,110531.41,7.10497,19.77638,2.37381,37.44248,35.6206,
IND,2015-2016,2015,,,0.  - 0.49,Female,Both,10648.776,13.72026,30.53241,5.44109,19.14119,26.57407,
IND,2015-2016,2015,,,0.50 - 0.99,Female,Both,11125.496,10.01312,25.75498,3.06985,20.95445,27.76116,
IND,2015-2016,2015,,,1.  - 1.99,Female,Both,22289.787,7.0456,20.4421,2.26586,40.39461,33.11404,
IND,2015-2016,2015,,,2.  - 2.99,Female,Both,22191.299,6.76962,17.47084,1.54382,41.37059,37.62177,
IND,2015-2016,2015,,,3.  - 3.99,Female,Both,23493.07,5.54293,16.7,1.93846,43.38689,39.39328,
IND,2015-2016,2015,,,4.  - 4.99,Female,Both,20782.977,4.65714,16.79735,2.02516,41.09126,40.75002,
IND,2015-2016,2015,,,0.  - 4.99,Both sexes,Urban,63281.824,7.8888,19.89911,3.15377,30.55756,29.91932,
IND,2015-2016,2015,,,0.  - 4.99,Both sexes,Rural,167166.2,7.59634,21.12295,2.12496,40.66723,38.66708,
IND,2015-2016,2015,Chhattisgarh,,0.  - 4.99,Both sexes,Both,5779.5171,8.39294,22.68435,3.26068,37.44035,37.89132,
IND,2015-2016,2015,Daman and Diu,,0.  - 4.99,Both sexes,Both,24.54038,13.90541,26.10853,1.99408,22.23222,28.88901,
IND,2015-2016,2015,Karnataka,,0.  - 4.99,Both sexes,Both,9202.0869,11.34664,26.54679,3.24611,35.05735,36.55675,
IND,2015-2016,2015,Meghalaya,,0.  - 4.99,Both sexes,Both,713.22693,6.98963,15.57189,4.17934,43.1857,29.4925,
IND,2015-2016,2015,Mizoram,,0.  - 4.99,Both sexes,Both,199.82036,2.55267,6.31124,4.51063,28.21652,12.09728,
IND,2015-2016,2015,Punjab,,0.  - 4.99,Both sexes,Both,4004.8904,5.71727,15.44588,2.50844,25.58405,22.62224,
IND,2015-2016,2015,Andaman And Nicobar Islands,,0.  - 4.99,Both sexes,Both,50.13354,8.13883,18.97976,3.17952,22.76752,22.97491,
IND,2015-2016,2015,Andhra Pradesh,,0.  - 4.99,Both sexes,Both,7581.9009,4.1561,16.44311,1.28544,31.37574,31.35566,
IND,2015-2016,2015,Haryana,,0.  - 4.99,Both sexes,Both,5445.4365,9.70012,21.06302,3.42477,33.01899,31.16684,
IND,2015-2016,2015,Jharkhand,,0.  - 4.99,Both sexes,Both,6828.6621,11.60572,28.45747,1.87043,44.31212,48.62156,
IND,2015-2016,2015,Kerala,,0.  - 4.99,Both sexes,Both,4266.9443,7.31332,15.97996,3.93366,19.4395,17.65719,
IND,2015-2016,2015,Madhya Pradesh,,0.  - 4.99,Both sexes,Both,15944.557,9.30388,25.41321,1.99599,41.50786,43.19424,
IND,2015-2016,2015,Maharashtra,,0.  - 4.99,Both sexes,Both,18888.113,9.88532,25.34587,2.26104,33.49916,37.06523,
IND,2015-2016,2015,Manipur,,0.  - 4.99,Both sexes,Both,476.01532,2.29656,6.69738,3.32522,29.09172,13.76366,
IND,2015-2016,2015,Nagaland,,0.  - 4.99,Both sexes,Both,300.83206,4.29632,11.20692,4.09731,28.40216,17.86052,
IND,2015-2016,2015,Tamil Nadu,,0.  - 4.99,Both sexes,Both,13647.805,8.35108,19.93735,5.79031,26.68088,25.59303,
IND,2015-2016,2015,Uttar Pradesh,,0.  - 4.99,Both sexes,Both,41200.379,6.00289,17.50245,1.77967,45.79633,39.70903,
IND,2015-2016,2015,Dadra and Nagar Haveli,,0.  - 4.99,Both sexes,Both,65.36181,10.77406,25.16797,6.7135,40.81471,39.20638,
IND,2015-2016,2015,Jammu and Kashmir,,0.  - 4.99,Both sexes,Both,2069.5222,6.06663,12.5987,6.15813,27.29391,18.05449,
IND,2015-2016,2015,Odisha,,0.  - 4.99,Both sexes,Both,7537.2866,6.35929,19.72234,2.92771,33.876,34.68611,
IND,2015-2016,2015,Puducherry,,0.  - 4.99,Both sexes,Both,209.0883,9.29793,24.10305,2.40978,23.47395,24.74844,
IND,2015-2016,2015,Sikkim,,0.  - 4.99,Both sexes,Both,58.49881,6.98711,15.19283,9.12815,29.57422,14.41926,
IND,2015-2016,2015,Telangana,,0.  - 4.99,Both sexes,Both,5788.417,4.75058,16.97773,0.91938,27.97379,28.02953,
IND,2015-2016,2015,Uttarakhand,,0.  - 4.99,Both sexes,Both,1854.0649,9.44901,19.92298,3.70439,32.69858,27.98745,
IND,2015-2016,2015,West Bengal,,0.  - 4.99,Both sexes,Both,15677.479,6.62067,19.95589,2.43483,32.57886,31.19655,
IND,2015-2016,2015,Assam,,0.  - 4.99,Both sexes,Both,5626.3662,6.59187,16.83956,2.64781,36.10617,30.66885,
IND,2015-2016,2015,Bihar,,0.  - 4.99,Both sexes,Both,29558.34,7.13373,20.49279,1.43763,47.78534,44.09352,
IND,2015-2016,2015,Arunachal Pradesh,,0.  - 4.99,Both sexes,Both,181.76611,8.43432,17.69449,5.27293,29.15326,20.82183,
IND,2015-2016,2015,Chandigarh,,0.  - 4.99,Both sexes,Both,120.2458,3.57957,9.49514,1.10633,28.65942,24.87437,
IND,2015-2016,2015,Delhi,,0.  - 4.99,Both sexes,Both,1980.6624,5.37233,15.86305,1.27413,31.20797,27.76493,
IND,2015-2016,2015,Goa,,0.  - 4.99,Both sexes,Both,211.2085,11.44993,23.55983,3.61701,20.78789,28.172,
IND,2015-2016,2015,Gujarat,,0.  - 4.99,Both sexes,Both,9418.5781,9.63233,26.15699,2.15513,37.73777,39.74354,
IND,2015-2016,2015,Himachal Pradesh,,0.  - 4.99,Both sexes,Both,1022.3309,4.24917,13.11852,2.16548,26.1674,21.41682,
IND,2015-2016,2015,Lakshadweep,,0.  - 4.99,Both sexes,Both,11.77182,2.8964,13.02647,1.63499,27.10533,23.86072,
IND,2015-2016,2015,Rajasthan,,0.  - 4.99,Both sexes,Both,13961.165,8.79795,22.70806,2.3713,38.50874,37.2837,
IND,2015-2016,2015,Tripura,,0.  - 4.99,Both sexes,Both,541.01715,6.59084,17.1136,3.26861,23.79612,25.46322,
LKA,2016,2016,,,0.  - 4.99,Both sexes,Both,7908.0,3.0,15.1,2.0,17.3,20.5,(pending reanalysis)
MMR,2015-2016,2016,,,0.  - 4.99,Both sexes,Both,4203.9419,1.30308,6.62524,1.50618,29.36773,18.54839,
MMR,2015-2016,2016,,,0.  - 0.49,Both sexes,Both,392.67078,3.54179,11.66837,3.38617,6.91887,10.87709,
MMR,2015-2016,2016,,,0.50 - 0.99,Both sexes,Both,416.72607,0.31641,5.88939,2.54828,13.91465,12.38234,
MMR,2015-2016,2016,,,1.  - 1.99,Both sexes,Both,846.68317,2.27499,8.39834,1.65365,25.03775,16.31003,
MMR,2015-2016,2016,,,2.  - 2.99,Both sexes,Both,828.99658,1.06329,4.64576,0.94008,41.04678,21.21026,
MMR,2015-2016,2016,,,3.  - 3.99,Both sexes,Both,899.85352,0.52897,5.28921,0.74103,35.53282,20.67128,
MMR,2015-2016,2016,,,4.  - 4.99,Both sexes,Both,819.01166,0.8818,6.32026,1.37279,33.54544,22.65098,
MMR,2015-2016,2016,,,0.  - 4.99,Male,Both,2172.8354,1.49832,7.04014,1.91634,31.10689,19.1167,
MMR,2015-2016,2016,,,0.  - 0.49,Male,Both,210.76631,2.88258,6.88395,5.37932,8.2405,9.23048,
MMR,2015-2016,2016,,,0.50 - 0.99,Male,Both,209.43965,0.20774,7.0806,1.7796,20.29751,13.70076,
MMR,2015-2016,2016,,,1.  - 1.99,Male,Both,462.55319,2.68717,9.72513,2.46265,29.65247,18.90737,
MMR,2015-2016,2016,,,2.  - 2.99,Male,Both,405.56802,1.49737,5.68804,0.87887,42.69348,21.37016,
MMR,2015-2016,2016,,,3.  - 3.99,Male,Both,463.98758,0.57282,6.23502,0.76729,36.03827,21.88405,
MMR,2015-2016,2016,,,4.  - 4.99,Male,Both,420.52072,1.22435,6.35868,2.01638,32.48952,21.77265,
MMR,2015-2016,2016,,,0.  - 4.99,Female,Both,2031.1063,1.09592,6.18504,1.071,27.50796,17.94042,
MMR,2015-2016,2016,,,0.  - 0.49,Female,Both,181.90448,4.28237,17.04345,1.14697,5.38214,12.78496,
MMR,2015-2016,2016,,,0.50 - 0.99,Female,Both,207.28642,0.42445,4.70506,3.31252,7.52409,11.05022,
MMR,2015-2016,2016,,,1.  - 1.99,Female,Both,384.12994,1.7833,6.81563,0.68862,19.56569,13.18243,
MMR,2015-2016,2016,,,2.  - 2.99,Female,Both,423.42856,0.64831,3.64935,0.9986,39.45046,21.0571,
MMR,2015-2016,2016,,,3.  - 3.99,Female,Both,435.86594,0.482,4.27628,0.71291,34.98484,19.38026,
MMR,2015-2016,2016,,,4.  - 4.99,Female,Both,398.49097,0.52523,6.28027,0.70286,34.64322,23.57786,
MMR,2015-2016,2016,,,0.  - 4.99,Both sexes,Urban,903.21716,2.15703,8.37724,2.4163,20.2987,15.106,
MMR,2015-2016,2016,,,0.  - 4.99,Both sexes,Rural,3300.7246,1.07045,6.14799,1.25826,31.84025,19.49038,
MMR,2015-2016,2016,Mandalay,,0.  - 4.99,Both sexes,Both,423.69034,0.57106,7.1223,1.64465,26.08977,17.58141,
MMR,2015-2016,2016,Ayeyarwaddy,,0.  - 4.99,Both sexes,Both,530.10114,0.0,3.88106,1.2665,37.46993,24.79298,
MMR,2015-2016,2016,Kachin,,0.  - 4.99,Both sexes,Both,160.44543,0.55355,4.00526,1.76471,36.00511,16.75313,
MMR,2015-2016,2016,Kayin,,0.  - 4.99,Both sexes,Both,182.79092,1.81605,5.60129,2.60623,25.40028,15.32559,
MMR,2015-2016,2016,Magwe,,0.  - 4.99,Both sexes,Both,305.75705,1.28638,5.45639,1.71762,25.94238,20.44092,
MMR,2015-2016,2016,Mon,,0.  - 4.99,Both sexes,Both,170.19865,0.68431,6.41171,0.0,28.09843,17.55106,
MMR,2015-2016,2016,Rakhine,,0.  - 4.99,Both sexes,Both,269.35654,3.11905,11.94857,0.21911,37.52359,32.99409,
MMR,2015-2016,2016,Chin,,0.  - 4.99,Both sexes,Both,60.58684,0.1984,3.03161,2.64482,40.80633,16.13151,
MMR,2015-2016,2016,Naypyitaw,,0.  - 4.99,Both sexes,Both,93.51643,0.0,6.13396,0.0,22.03852,16.50478,
MMR,2015-2016,2016,Shan,,0.  - 4.99,Both sexes,Both,485.47906,1.70193,4.93825,0.76787,37.17778,15.38952,
MMR,2015-2016,2016,Yangon,,0.  - 4.99,Both sexes,Both,448.35049,2.22708,12.20828,3.93815,20.33444,15.64021,
MMR,2015-2016,2016,Bago,,0.  - 4.99,Both sexes,Both,412.45123,2.15021,5.77422,0.27743,23.3461,16.69149,
MMR,2015-2016,2016,Kayah,,0.  - 4.99,Both sexes,Both,31.65097,0.84811,2.83706,2.82124,39.87836,16.79469,
MMR,2015-2016,2016,Sagaing,,0.  - 4.99,Both sexes,Both,481.11505,0.93182,5.42564,1.85955,27.20908,13.55699,
MMR,2015-2016,2016,Tanintharyi,,0.  - 4.99,Both sexes,Both,148.45166,1.87312,9.20953,1.59743,25.58169,19.04983,
MWI,2015-2016,2015,,,0.  - 4.99,Both sexes,Both,5785.8521,0.62415,2.77488,4.58692,37.38877,11.7785,
MWI,2015-2016,2015,,,0.  - 0.49,Both sexes,Both,525.77386,1.3723,3.91747,17.88663,24.65805,8.37356,
MWI,2015-2016,2015,,,0.50 - 0.99,Both sexes,Both,581.52899,0.67023,4.01709,5.33784,23.50393,9.40677,
MWI,2015-2016,2015,,,1.  - 1.99,Both sexes,Both,1113.879,0.40764,3.32888,3.87169,38.84584,10.40455,
MWI,2015-2016,2015,,,2.  - 2.99,Both sexes,Both,1167.8932,1.14626,2.33461,2.69596,42.58035,11.79753,
MWI,2015-2016,2015,,,3.  - 3.99,Both sexes,Both,1237.5277,0.10946,1.86756,3.06992,44.8654,13.93102,
MWI,2015-2016,2015,,,4.  - 4.99,Both sexes,Both,1159.2494,0.5213,2.61938,2.46345,35.45714,13.51568,
MWI,2015-2016,2015,,,0.  - 4.99,Male,Both,2819.8123,0.98028,3.37294,5.91198,39.26621,13.058,
MWI,2015-2016,2015,,,0.  - 0.49,Male,Both,259.75284,2.80091,3.90502,26.06298,27.9248,10.35199,
MWI,2015-2016,2015,,,0.50 - 0.99,Male,Both,326.44257,1.19478,4.46558,5.22136,26.55135,11.95925,
MWI,2015-2016,2015,,,1.  - 1.99,Male,Both,524.11719,0.70941,4.61193,4.96098,46.35533,12.74545,
MWI,2015-2016,2015,,,2.  - 2.99,Male,Both,526.79608,1.57858,3.46225,3.45069,42.26266,14.05204,
MWI,2015-2016,2015,,,3.  - 3.99,Male,Both,592.38684,0.12871,2.74207,3.80008,45.84392,13.80191,
MWI,2015-2016,2015,,,4.  - 4.99,Male,Both,590.31671,0.66508,2.10689,2.93156,35.68955,13.50022,
MWI,2015-2016,2015,,,0.  - 4.99,Female,Both,2966.04,0.28725,2.2091,3.33338,35.61656,10.56207,
MWI,2015-2016,2015,,,0.  - 0.49,Female,Both,266.02103,0.0,3.92943,10.03257,21.52794,6.44176,
MWI,2015-2016,2015,,,0.50 - 0.99,Female,Both,255.0864,0.0,3.44404,5.48668,19.66729,6.14028,
MWI,2015-2016,2015,,,1.  - 1.99,Female,Both,589.76184,0.14107,2.19549,2.90947,32.25887,8.3242,
MWI,2015-2016,2015,,,2.  - 2.99,Female,Both,641.09717,0.79017,1.4058,2.07431,42.84354,9.94497,
MWI,2015-2016,2015,,,3.  - 3.99,Female,Both,645.14093,0.09189,1.06963,2.40369,43.97804,14.04957,
MWI,2015-2016,2015,,,4.  - 4.99,Female,Both,568.93262,0.37205,3.15137,1.97752,35.21642,13.53173,
MWI,2015-2016,2015,,,0.  - 4.99,Both sexes,Urban,725.58362,0.82468,3.31378,4.65043,25.59408,7.97722,
MWI,2015-2016,2015,,,0.  - 4.99,Both sexes,Rural,5060.2686,0.59545,2.69775,4.57782,39.09288,12.32356,
MWI,2015-2016,2015,Central,,0.  - 4.99,Both sexes,Both,2444.7102,0.38239,2.05492,4.28533,38.51775,10.62641,
MWI,2015-2016,2015,Southern,,0.  - 4.99,Both sexes,Both,2703.8679,0.91789,3.59726,4.53552,36.88034,13.04195,
MWI,2015-2016,2015,Northern,,0.  - 4.99,Both sexes,Both,637.27405,0.31338,2.06945,5.95592,35.22398,10.83748,
MYS,2016,2016,,,0.  - 4.99,Both sexes,Both,,,11.5,6.0,20.7,13.7,
NER,2016,2016,,,0.  - 4.99,Both sexes,Both,1698329.0,2.0981,10.11332,1.09823,40.5551,31.38673,
NER,2016,2016,,,0.  - 0.49,Both sexes,Both,225724.0,2.55737,6.60349,3.86456,19.01388,16.78466,
NER,2016,2016,,,0.50 - 0.99,Both sexes,Both,262233.0,5.42379,17.75593,1.14541,34.20542,39.25173,
NER,2016,2016,,,1.  - 1.99,Both sexes,Both,378673.0,2.66219,15.40749,0.38952,49.66217,39.13799,
NER,2016,2016,,,2.  - 2.99,Both sexes,Both,352158.0,0.82179,7.89418,0.11217,48.06422,32.20174,
NER,2016,2016,,,3.  - 3.99,Both sexes,Both,272859.0,1.06779,5.46318,0.30888,44.69269,30.4967,
NER,2016,2016,,,4.  - 4.99,Both sexes,Both,206682.0,0.24579,4.60127,0.0,37.19988,22.94007,
NER,2016,2016,,,0.  - 4.99,Male,Both,839370.0,2.59619,12.34925,1.15587,42.60919,32.75135,
NER,2016,2016,,,0.  - 0.49,Male,Both,107760.0,3.1548,5.95489,4.15947,15.52422,12.66425,
NER,2016,2016,,,0.50 - 0.99,Male,Both,144887.0,6.10336,20.99193,2.04574,39.17323,45.75773,
NER,2016,2016,,,1.  - 1.99,Male,Both,185126.0,3.91895,19.65526,0.34949,53.69441,42.97236,
NER,2016,2016,,,2.  - 2.99,Male,Both,182085.0,1.48282,10.10187,0.01538,45.50951,34.26861,
NER,2016,2016,,,3.  - 3.99,Male,Both,116375.0,0.054,7.32519,0.72982,50.50639,25.49688,
NER,2016,2016,,,4.  - 4.99,Male,Both,103137.0,0.255,4.2429,0.0,41.83659,22.62815,
NER,2016,2016,,,0.  - 4.99,Female,Both,858959.0,1.61863,7.96092,1.04274,38.55125,30.05324,
NER,2016,2016,,,0.  - 0.49,Female,Both,117964.0,1.9987,7.21003,3.58877,22.19236,20.54864,
NER,2016,2016,,,0.50 - 0.99,Female,Both,117346.0,4.58309,13.75268,0.03161,28.06637,31.21879,
NER,2016,2016,,,1.  - 1.99,Female,Both,193547.0,1.46011,11.34453,0.4278,45.82866,35.47045,
NER,2016,2016,,,2.  - 2.99,Female,Both,170073.0,0.11407,5.53057,0.21579,50.79936,29.98889,
NER,2016,2016,,,3.  - 3.99,Female,Both,156484.0,1.81169,4.0969,0.0,40.36771,34.215,
NER,2016,2016,,,4.  - 4.99,Female,Both,103545.0,0.23661,4.95823,0.0,32.58583,23.25076,
NER,2016,2016,,,0.  - 4.99,Both sexes,Urban,575935.0,0.63279,7.36232,1.42833,28.78006,23.12448,
NER,2016,2016,,,0.  - 4.99,Both sexes,Rural,1122394.0,2.59111,11.0389,0.98717,46.59935,35.62635,
NER,2016,2016,Tahoua,,0.  - 4.99,Both sexes,Both,411720.0,1.14223,7.61224,1.81286,35.00146,26.92145,
NER,2016,2016,Dosso,,0.  - 4.99,Both sexes,Both,156448.0,1.43743,7.39607,1.23137,35.67814,21.49916,
NER,2016,2016,Agadez,,0.  - 4.99,Both sexes,Both,40754.0,2.02642,12.44192,1.19034,28.21772,22.4935,
NER,2016,2016,Tillabéri,,0.  - 4.99,Both sexes,Both,258716.0,1.9036,9.23663,1.30874,29.22381,20.03355,
NER,2016,2016,Zinder,,0.  - 4.99,Both sexes,Both,329626.0,3.32675,11.2102,0.95832,52.82982,41.15907,
NER,2016,2016,Diffa,,0.  - 4.99,Both sexes,Both,16965.0,0.97194,10.26333,0.22348,22.3578,30.43324,
NER,2016,2016,Maradi,,0.  - 4.99,Both sexes,Both,351731.0,2.59399,13.49816,0.48678,57.29701,47.76321,
NER,2016,2016,Niamey,,0.  - 4.99,Both sexes,Both,132369.0,0.43976,7.70205,0.65219,17.05309,14.16117,
NGA,2016-2017,2016,,,0.  - 4.99,Both sexes,Both,27398.102,2.9092,10.78659,1.50768,43.5754,31.49821,
NGA,2016-2017,2016,,,0.  - 0.49,Both sexes,Both,2841.1279,5.41447,14.74055,3.59622,21.85615,22.71344,
NGA,2016-2017,2016,,,0.50 - 0.99,Both sexes,Both,2567.6934,4.90784,19.09543,1.09345,28.4015,32.67842,
NGA,2016-2017,2016,,,1.  - 1.99,Both sexes,Both,5404.9932,4.57487,17.65015,0.75418,46.96169,38.33107,
NGA,2016-2017,2016,,,2.  - 2.99,Both sexes,Both,5362.98,2.34004,9.4194,1.35631,54.8456,36.58637,
NGA,2016-2017,2016,,,3.  - 3.99,Both sexes,Both,5702.5029,1.30795,4.79045,1.7364,49.25234,28.35907,
NGA,2016-2017,2016,,,4.  - 4.99,Both sexes,Both,5518.8037,1.12611,5.37454,1.26345,41.73867,27.07874,
NGA,2016-2017,2016,,,0.  - 4.99,Male,Both,13841.423,3.28199,11.92315,1.6681,45.67707,33.09565,
NGA,2016-2017,2016,,,0.  - 0.49,Male,Both,1419.0195,4.42195,14.18202,4.6909,23.54831,24.50323,
NGA,2016-2017,2016,,,0.50 - 0.99,Male,Both,1267.9272,4.86477,20.98354,0.9414,33.63049,35.75815,
NGA,2016-2017,2016,,,1.  - 1.99,Male,Both,2711.1641,5.80591,20.20527,0.63608,52.16159,43.09745,
NGA,2016-2017,2016,,,2.  - 2.99,Male,Both,2777.926,2.93251,10.857,1.49544,55.93513,38.07459,
NGA,2016-2017,2016,,,3.  - 3.99,Male,Both,2855.5437,1.56417,5.36645,1.77954,50.50155,29.3499,
NGA,2016-2017,2016,,,4.  - 4.99,Male,Both,2809.8423,1.43514,6.1415,1.45862,41.08485,25.4673,
NGA,2016-2017,2016,,,0.  - 4.99,Female,Both,13556.678,2.52819,9.625,1.34374,41.43259,29.86721,
NGA,2016-2017,2016,,,0.  - 0.49,Female,Both,1422.1084,6.42166,15.30733,2.48536,20.16344,20.92754,
NGA,2016-2017,2016,,,0.50 - 0.99,Female,Both,1299.766,4.9497,17.2601,1.24125,23.31149,29.67414,
NGA,2016-2017,2016,,,1.  - 1.99,Female,Both,2693.8289,3.33649,15.07982,0.87298,41.76551,33.53403,
NGA,2016-2017,2016,,,2.  - 2.99,Female,Both,2585.054,1.70364,7.87521,1.20686,53.6761,34.98712,
NGA,2016-2017,2016,,,3.  - 3.99,Female,Both,2846.9595,1.05291,4.21712,1.69345,47.99998,27.36526,
NGA,2016-2017,2016,,,4.  - 4.99,Female,Both,2708.9614,0.80499,4.57759,1.06065,42.41779,28.75019,
NGA,2016-2017,2016,,,0.  - 4.99,Both sexes,Urban,8391.4307,2.57906,10.54575,1.09989,30.61674,22.96256,
NGA,2016-2017,2016,,,0.  - 4.99,Both sexes,Rural,19006.67,3.05267,10.89126,1.68491,49.30169,35.26669,
NGA,2016-2017,2016,Sokoto,,0.  - 4.99,Both sexes,Both,957.45471,5.62473,17.18284,1.10508,60.8883,48.59557,
NGA,2016-2017,2016,Kebbi,,0.  - 4.99,Both sexes,Both,915.74152,3.67838,13.6964,0.88874,60.31628,44.87675,
NGA,2016-2017,2016,Kogi,,0.  - 4.99,Both sexes,Both,367.30569,2.86202,8.47418,1.81968,28.63866,15.41539,
NGA,2016-2017,2016,Kwara,,0.  - 4.99,Both sexes,Both,351.24356,2.55444,9.39492,2.56796,31.46779,22.30051,
NGA,2016-2017,2016,Nasarawa,,0.  - 4.99,Both sexes,Both,591.60419,1.17128,6.77546,1.73938,37.18743,20.65833,
NGA,2016-2017,2016,Oyo,,0.  - 4.99,Both sexes,Both,723.7652,1.85755,7.63725,1.43161,24.39516,17.43282,
NGA,2016-2017,2016,Plateau,,0.  - 4.99,Both sexes,Both,1099.6816,0.75156,4.73385,3.09243,39.97392,18.50414,
NGA,2016-2017,2016,Rivers,,0.  - 4.99,Both sexes,Both,411.06821,1.28661,4.98561,2.62401,10.93525,7.58887,
NGA,2016-2017,2016,Bayelsa,,0.  - 4.99,Both sexes,Both,173.74515,1.03975,3.19653,1.64393,15.27138,9.9646,
NGA,2016-2017,2016,Cross River,,0.  - 4.99,Both sexes,Both,386.33688,1.25256,5.54287,1.36962,20.07828,13.90349,
NGA,2016-2017,2016,Ebonyi,,0.  - 4.99,Both sexes,Both,267.30624,3.65467,10.61897,3.25329,25.27795,17.63802,
NGA,2016-2017,2016,Enugu,,0.  - 4.99,Both sexes,Both,262.38736,0.39367,3.63053,1.31953,8.45749,5.72283,
NGA,2016-2017,2016,Jigawa,,0.  - 4.99,Both sexes,Both,1365.9363,3.77912,13.77786,1.2234,66.02228,50.41039,
NGA,2016-2017,2016,Kano,,0.  - 4.99,Both sexes,Both,2280.0442,2.7944,10.76474,1.74113,57.94526,40.28667,
NGA,2016-2017,2016,Osun,,0.  - 4.99,Both sexes,Both,335.29477,2.16192,7.96382,0.66181,23.52876,18.72085,
NGA,2016-2017,2016,Yobe,,0.  - 4.99,Both sexes,Both,865.82172,5.31962,17.50836,1.04682,60.95468,50.9595,
NGA,2016-2017,2016,Zamfara,,0.  - 4.99,Both sexes,Both,1290.2904,2.83558,10.41563,1.29848,58.52334,36.56849,
NGA,2016-2017,2016,Akwa Ibom,,0.  - 4.99,Both sexes,Both,592.43665,3.94089,11.52183,0.7432,29.38912,22.74679,
NGA,2016-2017,2016,Bauchi,,0.  - 4.99,Both sexes,Both,1502.3448,1.0447,7.601,1.02909,64.94011,48.51569,
NGA,2016-2017,2016,Ekiti,,0.  - 4.99,Both sexes,Both,122.31431,2.16496,6.84022,0.47815,21.92073,11.61798,
NGA,2016-2017,2016,Adamawa,,0.  - 4.99,Both sexes,Both,614.10266,3.39528,9.54922,1.75551,37.93148,23.66119,
NGA,2016-2017,2016,Borno,,0.  - 4.99,Both sexes,Both,1817.1355,4.37165,16.99007,0.45086,44.9661,36.36004,
NGA,2016-2017,2016,Edo,,0.  - 4.99,Both sexes,Both,279.61414,2.11409,6.62779,1.39724,13.70648,10.16189,
NGA,2016-2017,2016,Fct Abuja,,0.  - 4.99,Both sexes,Both,205.11417,1.27027,5.06984,1.2506,22.76952,12.57503,
NGA,2016-2017,2016,Gombe,,0.  - 4.99,Both sexes,Both,527.5368,3.9147,13.3977,1.48471,54.28904,41.13726,
NGA,2016-2017,2016,Kaduna,,0.  - 4.99,Both sexes,Both,1584.5532,4.14326,11.67871,2.44238,47.02945,33.98734,
NGA,2016-2017,2016,Katsina,,0.  - 4.99,Both sexes,Both,2050.5439,4.12164,14.90231,1.44592,60.92955,46.3922,
NGA,2016-2017,2016,Lagos,,0.  - 4.99,Both sexes,Both,1038.5789,2.71957,11.36531,0.73345,11.39777,14.46252,
NGA,2016-2017,2016,Ogun,,0.  - 4.99,Both sexes,Both,289.62775,1.35044,9.02536,0.0,26.09069,22.39676,
NGA,2016-2017,2016,Taraba,,0.  - 4.99,Both sexes,Both,403.14951,3.43758,8.35387,5.46019,41.3787,24.23511,
NGA,2016-2017,2016,Abia,,0.  - 4.99,Both sexes,Both,218.07961,2.99133,10.98988,1.07659,20.48508,20.15148,
NGA,2016-2017,2016,Anambra,,0.  - 4.99,Both sexes,Both,377.28287,1.81588,7.96621,3.65546,14.32223,12.3254,
NGA,2016-2017,2016,Benue,,0.  - 4.99,Both sexes,Both,677.72919,1.64183,6.68086,3.16063,28.76332,15.12757,
NGA,2016-2017,2016,Delta,,0.  - 4.99,Both sexes,Both,405.73819,0.91755,4.83453,0.57584,16.25079,11.16767,
NGA,2016-2017,2016,Imo,,0.  - 4.99,Both sexes,Both,397.97098,1.47614,8.12214,1.11216,17.19225,14.2616,
NGA,2016-2017,2016,Niger,,0.  - 4.99,Both sexes,Both,1246.084,1.65129,8.77534,0.77708,37.38489,24.26252,
NGA,2016-2017,2016,Ondo,,0.  - 4.99,Both sexes,Both,403.13599,1.80283,5.91633,0.8062,22.35819,15.9847,
NPL,2016-2017,2016,,,0.  - 4.99,Both sexes,Both,2476.6497,1.91421,9.63605,1.17459,36.02018,27.24504,
NPL,2016-2017,2016,,,0.  - 0.49,Both sexes,Both,226.3611,5.29014,15.43272,5.09262,12.80433,12.91693,
NPL,2016-2017,2016,,,0.50 - 0.99,Both sexes,Both,243.34109,2.54903,16.77847,2.24969,19.16117,22.85724,
NPL,2016-2017,2016,,,1.  - 1.99,Both sexes,Both,524.091,2.30359,12.16041,0.91918,37.07159,28.27291,
NPL,2016-2017,2016,,,2.  - 2.99,Both sexes,Both,484.55435,0.65689,6.31134,0.19243,45.08568,32.1634,
NPL,2016-2017,2016,,,3.  - 3.99,Both sexes,Both,513.50208,1.50517,6.0403,0.52599,40.19757,26.57384,
NPL,2016-2017,2016,,,4.  - 4.99,Both sexes,Both,484.80002,0.57478,6.12901,0.82664,40.78471,30.82137,
NPL,2016-2017,2016,,,0.  - 4.99,Male,Both,1291.2507,2.10689,9.40247,1.32584,36.23244,27.16903,
NPL,2016-2017,2016,,,0.  - 0.49,Male,Both,116.69267,4.34638,15.3534,4.8711,13.89941,15.20522,
NPL,2016-2017,2016,,,0.50 - 0.99,Male,Both,117.9474,4.23231,16.24981,3.28345,20.59489,22.21929,
NPL,2016-2017,2016,,,1.  - 1.99,Male,Both,297.80017,2.8351,11.90045,1.06893,37.90421,28.47833,
NPL,2016-2017,2016,,,2.  - 2.99,Male,Both,240.62022,0.91385,7.23033,0.38932,44.66201,28.59915,
NPL,2016-2017,2016,,,3.  - 3.99,Male,Both,253.27087,1.22979,5.66031,0.61654,37.52203,25.43617,
NPL,2016-2017,2016,,,4.  - 4.99,Male,Both,264.91943,0.61698,5.25234,0.79999,42.32353,33.52851,
NPL,2016-2017,2016,,,0.  - 4.99,Female,Both,1185.3989,1.70574,9.88877,1.01094,35.78999,27.32784,
NPL,2016-2017,2016,,,0.  - 0.49,Female,Both,109.66843,6.264,15.51457,5.3212,11.64743,10.48207,
NPL,2016-2017,2016,,,0.50 - 0.99,Female,Both,125.39369,0.95822,17.27808,1.27273,17.81259,23.45731,
NPL,2016-2017,2016,,,1.  - 1.99,Female,Both,226.29082,1.60704,12.50108,0.72293,35.98259,28.00257,
NPL,2016-2017,2016,,,2.  - 2.99,Female,Both,243.93413,0.40575,5.41319,0.0,45.50108,35.67922,
NPL,2016-2017,2016,,,3.  - 3.99,Female,Both,260.2312,1.77113,6.40729,0.43854,42.78167,27.68109,
NPL,2016-2017,2016,,,4.  - 4.99,Female,Both,219.88058,0.52394,7.18524,0.85874,38.93068,27.55971,
NPL,2016-2017,2016,,,0.  - 4.99,Both sexes,Urban,1310.7157,1.70835,9.03794,1.41823,32.41071,24.07828,
NPL,2016-2017,2016,,,0.  - 4.99,Both sexes,Rural,1165.9338,2.14316,10.30125,0.90362,40.06425,30.80503,
NPL,2016-2017,2016,Far-Western,,0.  - 4.99,Both sexes,Both,214.62891,1.51854,9.11104,1.09998,35.51754,28.15368,
NPL,2016-2017,2016,Mid-Western,,0.  - 4.99,Both sexes,Both,343.17957,2.47661,8.68685,1.29844,42.85439,28.85543,
NPL,2016-2017,2016,Central,,0.  - 4.99,Both sexes,Both,899.83167,2.52316,9.97005,0.76147,35.57075,29.4485,
NPL,2016-2017,2016,Eastern,,0.  - 4.99,Both sexes,Both,548.35724,1.43939,12.89188,0.46524,31.13788,26.02293,
NPL,2016-2017,2016,Western,,0.  - 4.99,Both sexes,Both,470.65228,1.09106,6.05386,2.7488,37.80729,22.86756,
PER,2016,2016,,,0.  - 4.99,Both sexes,Both,10585.695,0.14141,0.60579,7.65862,13.07596,3.19282,
PER,2016,2016,,,0.  - 0.49,Both sexes,Both,825.30493,1.06742,1.94797,11.08706,7.43011,3.94697,
PER,2016,2016,,,0.50 - 0.99,Both sexes,Both,1073.1831,0.27108,0.84305,9.22137,9.81047,3.21977,
PER,2016,2016,,,1.  - 1.99,Both sexes,Both,2138.7283,0.10849,0.64934,5.36971,16.57939,4.05512,
PER,2016,2016,,,2.  - 2.99,Both sexes,Both,2251.4592,0.02103,0.39003,6.55036,14.01818,3.25965,
PER,2016,2016,,,3.  - 3.99,Both sexes,Both,2251.8696,0.01673,0.46475,7.84726,13.62068,2.80603,
PER,2016,2016,,,4.  - 4.99,Both sexes,Both,2045.1497,0.00488,0.28831,8.86365,11.77167,2.32488,
PER,2016,2016,,,0.  - 4.99,Male,Both,5493.8228,0.13543,0.74316,8.77359,13.85276,3.34219,
PER,2016,2016,,,0.  - 0.49,Male,Both,421.73141,0.8966,1.91681,10.38111,8.89063,4.47579,
PER,2016,2016,,,0.50 - 0.99,Male,Both,555.74274,0.31239,1.06629,10.77122,13.06436,4.39052,
PER,2016,2016,,,1.  - 1.99,Male,Both,1120.8008,0.13812,0.95841,5.20467,19.34131,4.54225,
PER,2016,2016,,,2.  - 2.99,Male,Both,1182.538,0.0,0.63396,8.43387,13.79359,3.19767,
PER,2016,2016,,,3.  - 3.99,Male,Both,1164.9393,0.03234,0.57035,9.18024,13.59492,2.62176,
PER,2016,2016,,,4.  - 4.99,Male,Both,1048.0703,0.0,0.18487,10.81188,10.76793,2.01067,
PER,2016,2016,,,0.  - 4.99,Female,Both,5091.8726,0.14785,0.45784,6.45777,12.23934,3.03165,
PER,2016,2016,,,0.  - 0.49,Female,Both,403.57355,1.24663,1.98066,11.82765,5.9031,3.39435,
PER,2016,2016,,,0.50 - 0.99,Female,Both,517.44043,0.2269,0.60435,7.56412,6.32786,1.96237,
PER,2016,2016,,,1.  - 1.99,Female,Both,1017.9276,0.07599,0.31033,5.55073,13.54675,3.51877,
PER,2016,2016,,,2.  - 2.99,Female,Both,1068.9213,0.04427,0.12048,4.46902,14.26606,3.32822,
PER,2016,2016,,,3.  - 3.99,Female,Both,1086.9302,0.0,0.35161,6.41902,13.64829,3.00353,
PER,2016,2016,,,4.  - 4.99,Female,Both,997.07935,0.00998,0.39672,6.82175,12.82456,2.65515,
PER,2016,2016,,,0.  - 4.99,Both sexes,Urban,7633.2822,0.12952,0.4786,9.38001,7.89439,2.02224,
PER,2016,2016,,,0.  - 4.99,Both sexes,Rural,2952.4126,0.17208,0.93389,3.2182,26.46536,6.21926,
PER,2016,2016,Huanuco,,0.  - 4.99,Both sexes,Both,265.65402,0.0,0.32591,3.45791,19.14363,4.08503,
PER,2016,2016,Ica,,0.  - 4.99,Both sexes,Both,353.27783,0.11671,0.21231,10.70142,6.9478,1.06458,
PER,2016,2016,Madre De Dios,,0.  - 4.99,Both sexes,Both,64.57832,0.0,0.28188,4.50023,8.04922,1.6355,
PER,2016,2016,Moquegua,,0.  - 4.99,Both sexes,Both,53.1267,0.0,0.4417,13.30278,4.56747,0.68228,
PER,2016,2016,San Martin,,0.  - 4.99,Both sexes,Both,348.8862,0.0,0.77052,3.32176,12.16274,4.19243,
PER,2016,2016,Ucayali,,0.  - 4.99,Both sexes,Both,261.99524,0.52478,1.54684,2.56945,24.57439,9.58287,
PER,2016,2016,Callao,,0.  - 4.99,Both sexes,Both,354.54568,0.0,0.2306,12.09065,5.69845,1.19049,
PER,2016,2016,Cusco,,0.  - 4.99,Both sexes,Both,394.45526,0.16217,1.62225,2.96118,13.86028,3.65012,
PER,2016,2016,Lambayeque,,0.  - 4.99,Both sexes,Both,427.71277,0.3843,0.64341,8.67778,11.73141,1.31553,
PER,2016,2016,Apurimac,,0.  - 4.99,Both sexes,Both,175.80936,0.2548,0.69818,5.49494,20.24818,5.48536,
PER,2016,2016,Arequipa,,0.  - 4.99,Both sexes,Both,378.55347,0.0,0.0,8.72156,6.47395,0.82113,
PER,2016,2016,Ayacucho,,0.  - 4.99,Both sexes,Both,201.98102,0.24667,1.19617,3.4182,19.02432,5.11388,
PER,2016,2016,Loreto,,0.  - 4.99,Both sexes,Both,604.31049,0.36464,1.51218,3.31139,24.05404,7.28402,
PER,2016,2016,Tumbes,,0.  - 4.99,Both sexes,Both,104.10888,0.1335,1.85794,7.50517,7.2815,2.87364,
PER,2016,2016,Amazonas,,0.  - 4.99,Both sexes,Both,175.90448,0.0,0.67484,4.35038,19.10495,3.76323,
PER,2016,2016,Ancash,,0.  - 4.99,Both sexes,Both,376.48093,0.0,0.12934,8.92067,17.54076,3.23016,
PER,2016,2016,Cajamarca,,0.  - 4.99,Both sexes,Both,568.96033,0.0,0.36856,3.29592,26.57575,6.39372,
PER,2016,2016,Huancavelica,,0.  - 4.99,Both sexes,Both,149.96872,0.2239,1.32258,2.85584,33.48809,6.78887,
PER,2016,2016,Junin,,0.  - 4.99,Both sexes,Both,420.80206,0.2337,1.91674,2.44478,20.51552,7.55078,
PER,2016,2016,La Libertad,,0.  - 4.99,Both sexes,Both,653.54407,0.11997,0.26714,9.29234,12.04617,1.78483,
PER,2016,2016,Lima,,0.  - 4.99,Both sexes,Both,2886.6282,0.12663,0.34445,12.16821,4.92877,1.27438,
PER,2016,2016,Pasco,,0.  - 4.99,Both sexes,Both,106.46098,0.09347,0.34575,1.74828,24.22139,6.19824,
PER,2016,2016,Piura,,0.  - 4.99,Both sexes,Both,795.41724,0.22054,0.55749,5.52756,15.41559,3.70022,
PER,2016,2016,Puno,,0.  - 4.99,Both sexes,Both,358.4281,0.0,0.05562,3.81034,16.26648,1.64755,
PER,2016,2016,Tacna,,0.  - 4.99,Both sexes,Both,104.1045,0.0,0.13565,19.93264,2.36815,0.36432,
PRY,2016,2016,,,0.  - 4.99,Both sexes,Both,4427.7339,0.35971,0.96208,12.43771,5.59748,1.28967,
PRY,2016,2016,,,0.  - 0.49,Both sexes,Both,444.2439,2.14073,4.572,10.43508,7.12714,5.32151,
PRY,2016,2016,,,0.50 - 0.99,Both sexes,Both,431.88068,0.0,0.22565,14.92585,4.70635,0.95962,
PRY,2016,2016,,,1.  - 1.99,Both sexes,Both,939.74933,0.24963,0.76829,13.87287,7.64729,0.92063,
PRY,2016,2016,,,2.  - 2.99,Both sexes,Both,875.56195,0.0,0.2159,12.44121,5.04532,0.80921,
PRY,2016,2016,,,3.  - 3.99,Both sexes,Both,848.85876,0.47191,1.07844,13.80999,5.25951,0.74504,
PRY,2016,2016,,,4.  - 4.99,Both sexes,Both,887.43909,0.0,0.3276,9.41676,3.96508,0.81777,
PRY,2016,2016,,,0.  - 4.99,Male,Both,2269.2732,0.5162,1.04842,12.96153,6.70053,1.38772,
PRY,2016,2016,,,0.  - 0.49,Male,Both,240.13904,3.50929,6.44604,6.89161,6.53907,5.76436,
PRY,2016,2016,,,0.50 - 0.99,Male,Both,246.55975,0.0,0.0,18.05333,5.65966,1.05159,
PRY,2016,2016,,,1.  - 1.99,Male,Both,479.53448,0.37724,0.91385,13.16845,9.815,1.1702,
PRY,2016,2016,,,2.  - 2.99,Male,Both,436.00119,0.0,0.11056,12.46758,6.77911,1.11824,
PRY,2016,2016,,,3.  - 3.99,Male,Both,438.90726,0.31846,0.75168,14.26841,5.75089,0.75628,
PRY,2016,2016,,,4.  - 4.99,Male,Both,428.13159,0.0,0.0,12.41401,4.82974,0.29182,
PRY,2016,2016,,,0.  - 4.99,Female,Both,2158.4604,0.19564,0.87155,11.88847,4.43932,1.18659,
PRY,2016,2016,,,0.  - 0.49,Female,Both,204.10486,0.52958,2.36578,14.60665,7.81773,4.80047,
PRY,2016,2016,,,0.50 - 0.99,Female,Both,185.32092,0.0,0.52262,10.80981,3.44478,0.83727,
PRY,2016,2016,,,1.  - 1.99,Female,Both,460.21487,0.11714,0.61716,14.60426,5.4059,0.66058,
PRY,2016,2016,,,2.  - 2.99,Female,Both,439.56079,0.0,0.31984,12.41519,3.33145,0.50268,
PRY,2016,2016,,,3.  - 3.99,Female,Both,409.95151,0.63719,1.43037,13.31626,4.72666,0.733,
PRY,2016,2016,,,4.  - 4.99,Female,Both,459.3075,0.0,0.63148,6.63659,3.16205,1.30803,
PRY,2016,2016,,,0.  - 4.99,Both sexes,Urban,2645.5793,0.3152,0.99694,13.53078,4.02501,1.08116,
PRY,2016,2016,,,0.  - 4.99,Both sexes,Rural,1782.1544,0.42575,0.91037,10.81629,7.93231,1.59921,
PRY,2016,2016,Resto,,0.  - 4.99,Both sexes,Both,1197.2339,0.31167,0.54142,10.63284,7.35444,1.13227,
PRY,2016,2016,Caaguazú,,0.  - 4.99,Both sexes,Both,308.27039,1.22965,1.46646,10.15322,5.34879,2.11882,
PRY,2016,2016,Central,,0.  - 4.99,Both sexes,Both,1286.8127,0.41056,1.5956,13.41226,3.24274,1.55235,
PRY,2016,2016,Asunción,,0.  - 4.99,Both sexes,Both,237.12469,0.23178,0.42864,16.52084,5.99053,0.25725,
PRY,2016,2016,Alto Paraguay,,0.  - 4.99,Both sexes,Both,21.84856,0.15348,4.91847,11.96119,3.44294,1.63485,
PRY,2016,2016,Itapúa,,0.  - 4.99,Both sexes,Both,327.65613,0.23676,1.28287,13.46961,7.16512,1.61112,
PRY,2016,2016,Alto Paraná,,0.  - 4.99,Both sexes,Both,658.53796,0.0,0.10242,15.05994,5.64921,1.082,
PRY,2016,2016,Boquerón,,0.  - 4.99,Both sexes,Both,99.4785,0.0,0.32186,11.45234,11.53667,0.50684,
PRY,2016,2016,San Pedro,,0.  - 4.99,Both sexes,Both,290.77078,0.59558,1.28032,7.95801,4.99477,1.08819,
SEN,2016,2016,,,0.  - 4.99,Both sexes,Both,5749.5938,1.23547,7.14427,0.94402,17.10321,13.7731,
SEN,2016,2016,,,0.  - 0.49,Both sexes,Both,577.18561,1.89312,5.33381,2.82611,10.5836,10.30807,
SEN,2016,2016,,,0.50 - 0.99,Both sexes,Both,579.17432,2.28491,7.04285,0.42725,11.48718,10.67701,
SEN,2016,2016,,,1.  - 1.99,Both sexes,Both,1134.7515,1.4127,8.88076,1.43827,19.73891,15.21479,
SEN,2016,2016,,,2.  - 2.99,Both sexes,Both,1184.281,1.30108,5.86528,0.53248,23.44216,14.96788,
SEN,2016,2016,,,3.  - 3.99,Both sexes,Both,1172.9556,0.60478,5.70338,0.98388,17.96835,13.49576,
SEN,2016,2016,,,4.  - 4.99,Both sexes,Both,1101.2457,0.67306,9.26283,0.17802,13.00935,14.74249,
SEN,2016,2016,,,0.  - 4.99,Male,Both,2948.8098,1.55028,7.83192,0.7489,19.42581,15.40791,
SEN,2016,2016,,,0.  - 0.49,Male,Both,305.31363,2.49636,5.6898,2.78949,15.88757,14.1433,
SEN,2016,2016,,,0.50 - 0.99,Male,Both,295.27896,1.98354,6.70674,0.30171,12.92422,10.5454,
SEN,2016,2016,,,1.  - 1.99,Male,Both,581.50195,2.14536,10.19624,1.10546,23.3777,17.34076,
SEN,2016,2016,,,2.  - 2.99,Male,Both,586.10895,1.70245,5.97171,0.76244,26.22222,17.69024,
SEN,2016,2016,,,3.  - 3.99,Male,Both,622.34662,0.95807,7.36467,0.32032,18.50865,14.06646,
SEN,2016,2016,,,4.  - 4.99,Male,Both,558.2597,0.62197,9.67437,0.0,14.56567,15.75737,
SEN,2016,2016,,,0.  - 4.99,Female,Both,2800.7837,0.90566,6.42384,1.14843,14.65747,12.05189,
SEN,2016,2016,,,0.  - 0.49,Female,Both,271.87198,1.22088,4.9371,2.86692,4.60837,6.00108,
SEN,2016,2016,,,0.50 - 0.99,Female,Both,283.89532,2.59861,7.3927,0.55793,9.98119,10.8139,
SEN,2016,2016,,,1.  - 1.99,Female,Both,553.24951,0.64108,7.49533,1.78878,15.91215,12.98026,
SEN,2016,2016,,,2.  - 2.99,Female,Both,598.172,0.90729,5.76085,0.30686,20.69849,12.30042,
SEN,2016,2016,,,3.  - 3.99,Female,Both,550.60895,0.20506,3.82379,1.73464,17.36392,12.85071,
SEN,2016,2016,,,4.  - 4.99,Female,Both,542.98608,0.7256,8.83949,0.36115,11.41244,13.69906,
SEN,2016,2016,,,0.  - 4.99,Both sexes,Urban,2121.1643,1.30168,5.04829,1.37982,11.81864,9.47143,
SEN,2016,2016,,,0.  - 4.99,Both sexes,Rural,3628.4292,1.19681,8.36817,0.68954,20.19209,16.28784,
SEN,2016,2016,Dakar,,0.  - 4.99,Both sexes,Both,1122.4655,1.1199,4.15245,1.92453,9.94606,7.14243,
SEN,2016,2016,Saint-Louis,,0.  - 4.99,Both sexes,Both,395.18683,2.13213,9.04118,0.82466,21.16256,19.12063,
SEN,2016,2016,Thiés,,0.  - 4.99,Both sexes,Both,693.86743,0.38386,5.31044,0.55522,12.1198,10.04868,
SEN,2016,2016,Ziguinchor,,0.  - 4.99,Both sexes,Both,139.68411,0.0,5.20946,0.95453,14.31402,5.98957,
SEN,2016,2016,Kaffrine,,0.  - 4.99,Both sexes,Both,302.93933,1.41238,8.2995,0.66298,19.42744,15.60241,
SEN,2016,2016,Kaolack,,0.  - 4.99,Both sexes,Both,503.70724,1.26868,7.85347,0.93651,20.04552,14.05793,
SEN,2016,2016,Louga,,0.  - 4.99,Both sexes,Both,427.66595,1.6649,9.04295,0.8591,15.70982,16.77397,
SEN,2016,2016,Matam,,0.  - 4.99,Both sexes,Both,218.50188,2.15807,9.62781,0.42943,20.06393,21.12389,
SEN,2016,2016,Diourbel,,0.  - 4.99,Both sexes,Both,750.68036,1.56872,8.94523,0.63035,16.90855,14.3169,
SEN,2016,2016,Fatick,,0.  - 4.99,Both sexes,Both,324.67682,0.59853,5.03682,0.4986,17.12692,14.47804,
SEN,2016,2016,Kedougou,,0.  - 4.99,Both sexes,Both,80.72476,0.61305,6.66244,0.69477,26.94685,20.56139,
SEN,2016,2016,Kolda,,0.  - 4.99,Both sexes,Both,283.71021,0.85488,6.49512,1.27717,31.55661,20.19648,
SEN,2016,2016,Sedhiou,,0.  - 4.99,Both sexes,Both,159.84258,1.49836,7.31432,0.65389,27.91657,19.0565,
SEN,2016,2016,Tambacounda,,0.  - 4.99,Both sexes,Both,345.94064,1.66788,11.77808,0.35695,21.67394,18.28769,
THA,2015-2016,2016,,,0.  - 4.99,Both sexes,Both,11189.0,1.4,5.4,8.2,10.5,6.7,(pending reanalysis)
TKM,2015-2016,2015,,,0.  - 4.99,Both sexes,Both,3718.439,1.1242,4.16487,5.88478,11.46035,3.1708,
TKM,2015-2016,2015,,,0.  - 0.49,Both sexes,Both,372.40842,5.29381,14.56201,6.4419,9.65317,9.18789,
TKM,2015-2016,2015,,,0.50 - 0.99,Both sexes,Both,385.23361,0.96596,5.57972,5.05929,6.0751,3.67363,
TKM,2015-2016,2015,,,1.  - 1.99,Both sexes,Both,770.62329,0.31674,2.42304,5.55681,9.38158,1.94493,
TKM,2015-2016,2015,,,2.  - 2.99,Both sexes,Both,723.25189,0.77374,3.53412,4.95655,13.231,3.16722,
TKM,2015-2016,2015,,,3.  - 3.99,Both sexes,Both,740.9798,0.79315,3.3659,7.71298,16.58948,2.72287,
TKM,2015-2016,2015,,,4.  - 4.99,Both sexes,Both,725.94202,0.63618,1.42108,5.44303,10.44599,1.57929,
TKM,2015-2016,2015,,,0.  - 4.99,Male,Both,1962.639,1.2701,4.37745,6.0177,11.47272,3.17308,
TKM,2015-2016,2015,,,0.  - 0.49,Male,Both,202.05203,6.06662,14.54142,6.89978,10.86945,9.78627,
TKM,2015-2016,2015,,,0.50 - 0.99,Male,Both,199.50386,1.21603,6.97952,3.67147,8.2697,4.78653,
TKM,2015-2016,2015,,,1.  - 1.99,Male,Both,402.49872,0.3225,1.53444,4.73179,9.39084,1.86582,
TKM,2015-2016,2015,,,2.  - 2.99,Male,Both,394.91223,0.3612,3.06028,4.42691,11.72676,2.47046,
TKM,2015-2016,2015,,,3.  - 3.99,Male,Both,365.07654,1.42111,5.44721,9.4055,16.76207,3.18121,
TKM,2015-2016,2015,,,4.  - 4.99,Male,Both,398.59567,0.6201,1.17582,6.52148,10.37459,1.022,
TKM,2015-2016,2015,,,0.  - 4.99,Female,Both,1755.7999,0.96163,3.928,5.73668,11.44655,3.16824,
TKM,2015-2016,2015,,,0.  - 0.49,Female,Both,170.35637,4.38858,14.58612,5.90557,8.21475,8.47817,
TKM,2015-2016,2015,,,0.50 - 0.99,Female,Both,185.72975,0.69734,4.0761,6.55002,3.71775,2.47819,
TKM,2015-2016,2015,,,1.  - 1.99,Female,Both,368.1246,0.31044,3.39196,6.45639,9.37149,2.03142,
TKM,2015-2016,2015,,,2.  - 2.99,Female,Both,328.33966,1.26905,4.10303,5.59245,15.03371,4.00526,
TKM,2015-2016,2015,,,3.  - 3.99,Female,Both,375.90329,0.18327,1.34453,6.0692,16.42186,2.27773,
TKM,2015-2016,2015,,,4.  - 4.99,Female,Both,327.34631,0.65567,1.71842,4.13558,10.53295,2.25788,
TKM,2015-2016,2015,,,0.  - 4.99,Both sexes,Urban,1292.03,1.24175,3.98028,6.12091,12.17924,4.07677,
TKM,2015-2016,2015,,,0.  - 4.99,Both sexes,Rural,2426.4089,1.06182,4.26282,5.75949,11.0786,2.68838,
TKM,2015-2016,2015,Dashoguz Velayat,,0.  - 4.99,Both sexes,Both,935.58984,1.41312,5.15807,4.79253,15.51098,3.1745,
TKM,2015-2016,2015,Ahal Velayat,,0.  - 4.99,Both sexes,Both,576.06134,1.37478,4.97234,14.36405,8.1993,1.62535,
TKM,2015-2016,2015,Balkan Velayat,,0.  - 4.99,Both sexes,Both,193.8842,0.60065,1.83565,2.20862,12.91578,3.65677,
TKM,2015-2016,2015,Lebap Velayat,,0.  - 4.99,Both sexes,Both,771.99152,0.67296,2.55901,5.09108,12.79969,3.69207,
TKM,2015-2016,2015,Ashgabat City,,0.  - 4.99,Both sexes,Both,363.81314,0.66801,2.41835,5.03339,7.01807,2.37548,
TKM,2015-2016,2015,Mary Velayat,,0.  - 4.99,Both sexes,Both,877.09888,1.35402,5.22846,3.35736,9.61238,3.94553,
TZA,2015-2016,2015,,,0.  - 4.99,Both sexes,Both,9885.6152,1.20636,4.50473,3.69175,34.4556,13.65739,
TZA,2015-2016,2015,,,0.  - 0.49,Both sexes,Both,998.47144,4.09821,9.45915,11.13773,13.1942,6.43217,
TZA,2015-2016,2015,,,0.50 - 0.99,Both sexes,Both,981.22754,1.58446,6.9673,5.15787,19.10856,11.48418,
TZA,2015-2016,2015,,,1.  - 1.99,Both sexes,Both,2147.7095,1.03699,5.24949,3.14455,37.894,15.12635,
TZA,2015-2016,2015,,,2.  - 2.99,Both sexes,Both,1917.0721,0.8449,3.0471,2.82439,44.41513,14.63944,
TZA,2015-2016,2015,,,3.  - 3.99,Both sexes,Both,1917.8264,0.96261,2.76557,3.1299,40.16569,14.44146,
TZA,2015-2016,2015,,,4.  - 4.99,Both sexes,Both,1923.308,0.36073,3.14625,1.26222,33.70848,15.11599,
TZA,2015-2016,2015,,,0.  - 4.99,Male,Both,4988.5405,1.23791,5.16145,3.7869,36.65916,14.07406,
TZA,2015-2016,2015,,,0.  - 0.49,Male,Both,519.77136,2.99598,9.60504,12.37128,14.12329,6.47644,
TZA,2015-2016,2015,,,0.50 - 0.99,Male,Both,488.4332,1.83792,7.90798,4.75005,21.44073,13.83614,
TZA,2015-2016,2015,,,1.  - 1.99,Male,Both,1092.8379,1.23217,7.03881,2.54347,41.6095,17.84449,
TZA,2015-2016,2015,,,2.  - 2.99,Male,Both,993.94537,0.85734,3.09296,2.77683,48.11388,13.85034,
TZA,2015-2016,2015,,,3.  - 3.99,Male,Both,934.22919,1.318,3.80454,3.56495,42.33195,13.93924,
TZA,2015-2016,2015,,,4.  - 4.99,Male,Both,959.32349,0.33356,2.77985,1.45916,33.34502,14.37959,
TZA,2015-2016,2015,,,0.  - 4.99,Female,Both,4897.0747,1.17414,3.83425,3.59461,32.20839,13.23294,
TZA,2015-2016,2015,,,0.  - 0.49,Female,Both,478.70004,5.31634,9.29792,9.77447,12.19232,6.3841,
TZA,2015-2016,2015,,,0.50 - 0.99,Female,Both,492.79434,1.3317,6.02922,5.56455,16.79323,9.15304,
TZA,2015-2016,2015,,,1.  - 1.99,Female,Both,1054.8717,0.83591,3.40613,3.76377,34.03765,12.31039,
TZA,2015-2016,2015,,,2.  - 2.99,Female,Both,923.12677,0.83148,2.99762,2.87572,40.41337,15.48907,
TZA,2015-2016,2015,,,3.  - 3.99,Female,Both,983.59723,0.62435,1.77669,2.71583,38.10005,14.91847,
TZA,2015-2016,2015,,,4.  - 4.99,Female,Both,963.9845,0.38786,3.51234,1.06545,34.06945,15.84884,
TZA,2015-2016,2015,,,0.  - 4.99,Both sexes,Urban,2506.6375,0.77666,3.78329,4.06834,24.76447,9.11854,
TZA,2015-2016,2015,,,0.  - 4.99,Both sexes,Rural,7378.9775,1.35166,4.74868,3.56441,37.7515,15.19924,
TZA,2015-2016,2015,Kaskazini Unguja,,0.  - 4.99,Both sexes,Both,42.31978,0.7553,6.30689,1.09825,23.41928,14.34924,
TZA,2015-2016,2015,Kigoma,,0.  - 4.99,Both sexes,Both,522.18372,1.61978,6.04102,2.14361,37.94815,19.39695,
TZA,2015-2016,2015,Lindi,,0.  - 4.99,Both sexes,Both,179.93571,0.44318,1.19572,3.62941,35.21612,10.1133,
TZA,2015-2016,2015,Mara,,0.  - 4.99,Both sexes,Both,488.88202,1.51764,4.09011,2.51654,29.35402,10.17165,
TZA,2015-2016,2015,Morogoro,,0.  - 4.99,Both sexes,Both,403.17261,0.23728,6.0017,2.19079,33.39556,11.47713,
TZA,2015-2016,2015,Pemba North,,0.  - 4.99,Both sexes,Both,51.48096,2.19732,8.73944,4.9492,34.13795,17.29415,
TZA,2015-2016,2015,Pwani,,0.  - 4.99,Both sexes,Both,201.12323,0.397,4.29075,3.44451,30.03207,11.49655,
TZA,2015-2016,2015,Iringa,,0.  - 4.99,Both sexes,Both,168.48857,0.8676,3.57989,7.95015,41.64969,13.80189,
TZA,2015-2016,2015,Kagera,,0.  - 4.99,Both sexes,Both,551.75439,0.49962,2.31793,2.19037,41.68627,17.38152,
TZA,2015-2016,2015,Katavi,,0.  - 4.99,Both sexes,Both,135.50961,1.17566,3.42055,4.91853,38.83796,15.38669,
TZA,2015-2016,2015,Kilimanjaro,,0.  - 4.99,Both sexes,Both,183.74249,2.23445,3.10089,8.95504,29.04911,9.20341,
TZA,2015-2016,2015,Mjini Magharibi,,0.  - 4.99,Both sexes,Both,96.49889,1.06463,5.36939,2.46292,16.45995,10.56133,
TZA,2015-2016,2015,Dar Es Salaam,,0.  - 4.99,Both sexes,Both,638.73627,0.6647,4.73591,3.00742,14.88451,6.41627,
TZA,2015-2016,2015,Dodoma,,0.  - 4.99,Both sexes,Both,418.82523,1.89507,5.52917,2.08095,36.48592,17.07829,
TZA,2015-2016,2015,Mbeya,,0.  - 4.99,Both sexes,Both,535.88745,0.53536,4.7322,8.24554,37.69079,12.24188,
TZA,2015-2016,2015,Pemba South,,0.  - 4.99,Both sexes,Both,44.21798,2.17484,8.99428,2.82917,23.78649,13.75633,
TZA,2015-2016,2015,Tabora,,0.  - 4.99,Both sexes,Both,692.00385,1.0913,3.52646,3.22298,27.85629,10.12106,
TZA,2015-2016,2015,Tanga,,0.  - 4.99,Both sexes,Both,430.0238,0.96784,3.40358,6.5356,39.42473,12.61626,
TZA,2015-2016,2015,Arusha,,0.  - 4.99,Both sexes,Both,333.61688,2.38307,6.90427,3.94441,36.03569,20.08409,
TZA,2015-2016,2015,Geita,,0.  - 4.99,Both sexes,Both,458.79855,2.73777,6.2469,3.08395,40.45877,16.17044,
TZA,2015-2016,2015,Kusini Unguja,,0.  - 4.99,Both sexes,Both,27.41355,1.76877,7.9343,2.50004,27.22706,17.70654,
TZA,2015-2016,2015,Manyara,,0.  - 4.99,Both sexes,Both,338.29703,2.35183,6.37259,3.91041,36.03762,17.0229,
TZA,2015-2016,2015,Mtwara,,0.  - 4.99,Both sexes,Both,213.83925,0.0,3.21538,3.62786,37.73007,15.21163,
TZA,2015-2016,2015,Mwanza,,0.  - 4.99,Both sexes,Both,776.91913,1.416,4.33517,4.87815,38.56822,14.10325,
TZA,2015-2016,2015,Njombe,,0.  - 4.99,Both sexes,Both,123.91167,0.99385,1.86244,5.24438,49.3973,9.72509,
TZA,2015-2016,2015,Rukwa,,0.  - 4.99,Both sexes,Both,267.73764,2.24655,5.25376,4.8244,56.29435,22.95195,
TZA,2015-2016,2015,Ruvuma,,0.  - 4.99,Both sexes,Both,247.28578,1.03401,2.56542,3.16638,44.39944,12.27417,
TZA,2015-2016,2015,Shinyanga,,0.  - 4.99,Both sexes,Both,456.52963,0.69074,3.26719,3.08139,27.70186,12.29899,
TZA,2015-2016,2015,Simiyu,,0.  - 4.99,Both sexes,Both,509.24014,0.82566,5.00985,1.38931,33.28448,14.61397,
TZA,2015-2016,2015,Singida,,0.  - 4.99,Both sexes,Both,347.23926,1.03694,4.74929,1.83315,29.152,11.74361,
UGA,2016,2016,,,0.  - 4.99,Both sexes,Both,5136.1797,1.30651,3.47233,3.74864,28.91719,10.35488,
UGA,2016,2016,,,0.  - 0.49,Both sexes,Both,471.3009,4.57003,7.55027,9.72738,11.81186,9.85712,
UGA,2016,2016,,,0.50 - 0.99,Both sexes,Both,522.03595,3.2006,8.74927,5.42614,16.17271,12.321,
UGA,2016,2016,,,1.  - 1.99,Both sexes,Both,1018.1215,1.31014,3.9928,4.58512,35.85432,11.69527,
UGA,2016,2016,,,2.  - 2.99,Both sexes,Both,1066.0122,0.40362,2.24473,2.76111,36.78497,11.32129,
UGA,2016,2016,,,3.  - 3.99,Both sexes,Both,1042.4039,0.75051,1.76569,2.41558,32.6902,9.87019,
UGA,2016,2016,,,4.  - 4.99,Both sexes,Both,1016.3053,0.2935,1.37143,1.99301,24.33286,7.71645,
UGA,2016,2016,,,0.  - 4.99,Male,Both,2582.1538,1.6383,4.06698,4.88202,30.93878,11.30909,
UGA,2016,2016,,,0.  - 0.49,Male,Both,238.60577,6.02831,9.04463,13.79199,12.19483,9.22084,
UGA,2016,2016,,,0.50 - 0.99,Male,Both,253.8246,4.81806,11.37009,5.84381,19.05689,14.68928,
UGA,2016,2016,,,1.  - 1.99,Male,Both,527.97675,1.94895,5.37821,6.43868,39.58586,15.07853,
UGA,2016,2016,,,2.  - 2.99,Male,Both,546.56848,0.22452,1.32709,2.83901,38.80611,12.84167,
UGA,2016,2016,,,3.  - 3.99,Male,Both,499.1637,0.33739,1.59361,3.32849,33.89281,9.03012,
UGA,2016,2016,,,4.  - 4.99,Male,Both,516.0144,0.23159,1.82241,2.656,25.61507,7.33642,
UGA,2016,2016,,,0.  - 4.99,Female,Both,2554.0261,0.9707,2.87045,2.6015,26.87873,9.39015,
UGA,2016,2016,,,0.  - 0.49,Female,Both,232.69513,3.01048,5.95214,5.38053,11.41431,10.50955,
UGA,2016,2016,,,0.50 - 0.99,Female,Both,268.21133,1.66167,6.25566,5.02875,13.44683,10.07975,
UGA,2016,2016,,,1.  - 1.99,Female,Both,490.14471,0.6259,2.50885,2.59972,31.92132,8.05086,
UGA,2016,2016,,,2.  - 2.99,Female,Both,519.44366,0.59259,3.21295,2.67891,34.66522,9.72152,
UGA,2016,2016,,,3.  - 3.99,Female,Both,543.2403,1.12986,1.92371,1.57732,31.58559,10.64211,
UGA,2016,2016,,,4.  - 4.99,Female,Both,500.29086,0.35759,0.90451,1.30658,23.00002,8.10843,
UGA,2016,2016,,,0.  - 4.99,Both sexes,Urban,977.60907,0.91016,2.87574,2.84269,23.46829,7.47406,
UGA,2016,2016,,,0.  - 4.99,Both sexes,Rural,4158.5708,1.39969,3.61257,3.96161,30.20241,11.03211,
UGA,2016,2016,Busoga,,0.  - 4.99,Both sexes,Both,541.33179,0.88142,3.60729,5.07154,28.9904,9.37276,
UGA,2016,2016,Central 1,,0.  - 4.99,Both sexes,Both,618.14771,0.33222,1.09766,2.33884,26.66648,7.49091,
UGA,2016,2016,Central 2,,0.  - 4.99,Both sexes,Both,523.51874,0.91435,2.28468,3.36855,28.04636,7.49635,
UGA,2016,2016,Karamoja,,0.  - 4.99,Both sexes,Both,120.73064,3.01435,10.04697,1.5179,35.227,25.83584,
UGA,2016,2016,Lango,,0.  - 4.99,Both sexes,Both,289.38516,2.19095,4.31642,3.54886,22.30178,6.89528,
UGA,2016,2016,Teso,,0.  - 4.99,Both sexes,Both,322.30099,0.26372,2.24005,2.77956,14.33749,4.02982,
UGA,2016,2016,West Nile,,0.  - 4.99,Both sexes,Both,350.74194,5.30241,10.43217,3.05478,33.88252,16.42351,
UGA,2016,2016,Bugishu,,0.  - 4.99,Both sexes,Both,246.80762,2.70184,5.00482,3.80944,35.97336,14.18696,
UGA,2016,2016,Bukedi,,0.  - 4.99,Both sexes,Both,363.81003,1.04504,2.77577,1.54732,22.77917,11.98327,
UGA,2016,2016,Ankole,,0.  - 4.99,Both sexes,Both,399.86145,0.62897,1.52457,4.25222,29.298,9.37862,
UGA,2016,2016,Bunyoro,,0.  - 4.99,Both sexes,Both,314.98792,0.13766,2.32437,3.83252,34.4927,9.07094,
UGA,2016,2016,Tooro,,0.  - 4.99,Both sexes,Both,457.85391,1.34577,3.39164,5.27391,40.62164,13.25986,
UGA,2016,2016,Acholi,,0.  - 4.99,Both sexes,Both,270.64471,1.15184,3.63429,4.36509,30.57011,15.39539,
UGA,2016,2016,Kampala,,0.  - 4.99,Both sexes,Both,147.78105,1.36103,3.93561,3.89015,18.14352,6.98312,
UGA,2016,2016,Kigezi,,0.  - 4.99,Both sexes,Both,168.276,1.26122,3.6542,9.05395,30.74979,9.76829,
ZAF,2016,2016,,,0.  - 4.99,Both sexes,Both,1416.0,0.6,2.5,13.3,27.4,5.9,(pending reanalysis)
